color;fixed acidity;volatile acidity;citric acid;residual sugar;chlorides;free sulfur dioxide;total sulfur dioxide;density;pH;sulphates;alcohol
0;6.9;0.24;0.4;15.4;0.052;81.0;198.0;0.9986;3.2;0.69;9.4
0;6.6;0.54;0.21;16.3;0.055;41.0;182.0;0.9986;3.35;0.54;10.4
0;6.6;0.22;0.53;15.1;0.052;22.0;136.0;0.9986;2.94;0.35;9.4
1;8.8;0.45;0.43;1.4;0.076;12.0;21.0;0.99551;3.21;0.75;10.2
0;6.2;0.21;0.34;6.6;0.03;36.0;91.0;0.9914;3.32;0.45;12.5
0;6.7;0.12;0.3;5.2;0.048;38.0;113.0;0.99352;3.33;0.44;10.1
1;7.6;0.49;0.33;1.9;0.074;27.0;85.0;0.99706;3.41;0.58;9.0
1;8.6;0.52;0.38;1.5;0.096;5.0;18.0;0.99666;3.2;0.52;9.4
1;8.5;0.47;0.27;1.9;0.058;18.0;38.0;0.99518;3.16;0.85;11.1
1;7.0;0.62;0.18;1.5;0.062;7.0;50.0;0.9951;3.08;0.6;9.3
0;8.2;0.27;0.43;1.6;0.035;31.0;128.0;0.9916;3.1;0.5;12.3
0;7.4;0.2;0.37;1.2;0.028;28.0;89.0;0.99132;3.14;0.61;11.8
1;6.8;0.48;0.25;2.0;0.076;29.0;61.0;0.9953;3.34;0.6;10.4
0;7.4;0.23;0.43;1.4;0.044;22.0;113.0;0.9938;3.22;0.62;10.6
0;7.6;0.17;0.45;11.2;0.054;56.0;137.0;0.997;3.15;0.47;10.0
0;6.2;0.19;0.29;4.3;0.045;33.0;126.0;0.99658;3.18;0.42;9.3
0;7.4;0.21;0.8;12.3;0.038;77.0;183.0;0.99778;2.95;0.48;9.0
0;7.5;0.26;0.26;18.35;0.084;33.0;139.0;1.0011;3.17;0.39;8.8
0;7.9;0.51;0.34;2.6;0.049;13.0;135.0;0.99335;3.09;0.51;10.0
1;10.3;0.27;0.24;2.1;0.072;15.0;33.0;0.9956;3.22;0.66;12.8
0;7.9;0.21;0.4;1.2;0.039;38.0;107.0;0.992;3.21;0.54;10.8
1;6.8;0.67;0.02;1.8;0.05;5.0;11.0;0.9962;3.48;0.52;9.5
1;7.6;0.31;0.34;2.5;0.082;26.0;35.0;0.99356;3.22;0.59;12.5
0;7.5;0.33;0.38;8.7;0.126;49.0;199.0;0.99711;2.98;0.57;9.4
1;8.0;0.715;0.22;2.3;0.075;13.0;81.0;0.99688;3.24;0.54;9.5
0;6.9;0.16;0.3;9.6;0.057;50.0;185.0;0.9978;3.39;0.38;9.6
0;6.3;0.32;0.26;12.0;0.049;63.0;170.0;0.9961;3.14;0.55;9.9
0;8.3;0.22;0.38;14.8;0.054;32.0;126.0;1.0002;3.22;0.5;9.7
0;5.3;0.31;0.38;10.5;0.031;53.0;140.0;0.99321;3.34;0.46;11.7
0;7.7;0.31;0.36;4.3;0.026;15.0;87.0;0.99152;3.11;0.48;12.0
1;10.0;0.56;0.24;2.2;0.079;19.0;58.0;0.9991;3.18;0.56;10.1
0;6.0;0.28;0.52;6.2;0.028;37.0;104.0;0.99161;3.28;0.51;11.8
0;7.7;0.31;0.26;7.8;0.031;23.0;90.0;0.9944;3.13;0.5;10.4
1;7.2;0.45;0.15;2.0;0.078;10.0;28.0;0.99609;3.29;0.51;9.9
0;8.5;0.25;0.27;4.7;0.031;31.0;92.0;0.9922;3.01;0.33;12.0
1;15.9;0.36;0.65;7.5;0.096;22.0;71.0;0.9976;2.98;0.84;14.9
1;9.5;0.59;0.44;2.3;0.071;21.0;68.0;0.9992;3.46;0.63;9.5
1;9.6;0.68;0.24;2.2;0.087;5.0;28.0;0.9988;3.14;0.6;10.2
0;6.4;0.29;0.18;15.0;0.04;21.0;116.0;0.99736;3.14;0.5;9.2
0;5.6;0.175;0.29;0.8;0.043;20.0;67.0;0.99112;3.28;0.48;9.9
0;6.8;0.18;0.3;12.8;0.062;19.0;171.0;0.99808;3.0;0.52;9.0
1;8.2;0.24;0.34;5.1;0.062;8.0;22.0;0.9974;3.22;0.94;10.9
1;8.3;0.61;0.3;2.1;0.084;11.0;50.0;0.9972;3.4;0.61;10.2
0;5.2;0.185;0.22;1.0;0.03;47.0;123.0;0.99218;3.55;0.44;10.15
0;7.6;0.38;0.2;3.4;0.046;9.0;116.0;0.9944;3.15;0.41;9.4
0;6.2;0.21;0.38;6.8;0.036;64.0;245.0;0.9951;3.06;0.36;9.3
0;6.7;0.41;0.01;2.8;0.048;39.0;137.0;0.9942;3.24;0.35;9.5
1;8.7;0.7;0.24;2.5;0.226;5.0;15.0;0.9991;3.32;0.6;9.0
0;6.5;0.29;0.42;10.6;0.042;66.0;202.0;0.99674;3.24;0.53;9.5
0;7.2;0.19;0.31;6.3;0.034;17.0;103.0;0.99305;3.15;0.52;11.4
1;7.7;0.75;0.27;3.8;0.11;34.0;89.0;0.99664;3.24;0.45;9.3
0;6.4;0.19;0.42;2.9;0.032;32.0;83.0;0.9908;3.3;0.41;11.7
0;7.1;0.17;0.31;1.6;0.037;15.0;103.0;0.991;3.14;0.5;12.0
1;11.6;0.475;0.4;1.4;0.091;6.0;28.0;0.99704;3.07;0.65;10.0333333333333
1;9.3;0.36;0.39;1.5;0.08;41.0;55.0;0.99652;3.47;0.73;10.9
0;8.2;0.24;0.49;9.3;0.038;52.0;163.0;0.9952;3.02;0.33;10.6
0;7.2;0.3;0.3;8.1;0.05;40.0;188.0;0.99652;3.15;0.49;9.1
0;4.8;0.21;0.21;10.2;0.037;17.0;112.0;0.99324;3.66;0.48;12.2
0;5.6;0.13;0.27;4.8;0.028;22.0;104.0;0.9948;3.34;0.45;9.2
0;7.7;0.44;0.24;11.2;0.031;41.0;167.0;0.9948;3.12;0.43;11.3
1;8.2;0.7;0.23;2.0;0.099;14.0;81.0;0.9973;3.19;0.7;9.4
0;6.0;0.27;0.4;1.7;0.021;18.0;82.0;0.9891;3.24;0.95;13.1333333333333
0;6.4;0.18;0.74;11.9;0.046;54.0;168.0;0.9978;3.58;0.68;10.1
0;7.6;0.345;0.26;1.9;0.043;15.0;134.0;0.9936;3.08;0.38;9.5
0;7.6;0.17;0.46;0.9;0.036;63.0;147.0;0.99126;3.02;0.41;10.7
1;10.3;0.41;0.42;2.4;0.213;6.0;14.0;0.9994;3.19;0.62;9.5
0;5.6;0.18;0.27;1.7;0.03;31.0;103.0;0.98892;3.35;0.37;12.9
0;6.1;0.34;0.21;5.0;0.042;17.0;133.0;0.99373;3.02;0.53;9.4
0;6.0;0.2;0.26;14.7;0.045;53.0;125.0;0.998365;2.99;0.69;9.4
0;5.1;0.23;0.18;1.0;0.053;13.0;99.0;0.98956;3.22;0.39;11.5
1;10.3;0.5;0.42;2.0;0.069;21.0;51.0;0.9982;3.16;0.72;11.5
0;6.0;0.16;0.37;1.5;0.025;43.0;117.0;0.9928;3.46;0.51;9.7
0;6.8;0.15;0.32;8.8;0.058;24.0;110.0;0.9972;3.4;0.4;8.8
0;7.0;0.24;0.34;3.0;0.035;36.0;102.0;0.9905;3.18;0.43;12.2
1;7.7;1.005;0.15;2.1;0.102;11.0;32.0;0.99604;3.23;0.48;10.0
0;6.7;0.16;0.37;1.3;0.036;45.0;125.0;0.98964;3.19;0.51;12.4
0;5.9;0.37;0.14;6.3;0.036;34.0;185.0;0.9944;3.17;0.63;9.8
1;10.1;0.935;0.22;3.4;0.105;11.0;86.0;1.001;3.43;0.64;11.3
0;7.6;0.18;0.28;7.1;0.041;29.0;110.0;0.99652;3.2;0.42;9.2
0;7.1;0.47;0.29;14.8;0.024;22.0;142.0;0.99518;3.12;0.48;12.0
1;10.4;0.44;0.73;6.55;0.074;38.0;76.0;0.999;3.17;0.85;12.0
0;7.1;0.21;0.35;2.5;0.04;41.0;186.0;0.99128;3.32;0.56;12.5
1;7.1;0.43;0.42;5.5;0.07;29.0;129.0;0.9973;3.42;0.72;10.5
0;6.9;0.22;0.49;7.0;0.063;50.0;168.0;0.9957;3.54;0.5;10.3
0;5.7;0.28;0.3;3.9;0.026;36.0;105.0;0.98963;3.26;0.58;12.75
1;7.4;0.67;0.12;1.6;0.186;5.0;21.0;0.996;3.39;0.54;9.5
0;8.5;0.19;0.49;3.5;0.044;29.0;117.0;0.9938;3.14;0.51;10.1
0;6.7;0.21;0.32;5.4;0.047;29.0;140.0;0.995;3.39;0.46;9.7
0;5.6;0.245;0.25;9.7;0.032;12.0;68.0;0.994;3.31;0.34;10.5
0;6.4;0.17;0.34;1.5;0.091;42.0;135.0;0.9938;3.25;0.49;9.6
0;6.9;0.38;0.29;13.65;0.048;52.0;189.0;0.99784;3.0;0.6;9.5
0;6.4;0.16;0.31;5.3;0.043;42.0;157.0;0.99455;3.35;0.47;10.5
0;7.0;0.2;0.34;5.7;0.035;32.0;83.0;0.9928;3.19;0.46;11.5
1;7.9;0.6;0.06;1.6;0.069;15.0;59.0;0.9964;3.3;0.46;9.4
0;7.2;0.24;0.29;3.0;0.036;17.0;117.0;0.99411;3.36;0.68;10.1
0;5.9;0.29;0.33;7.4;0.037;58.0;205.0;0.99495;3.26;0.41;9.6
1;8.5;0.34;0.4;4.7;0.055;3.0;9.0;0.99738;3.38;0.66;11.6
0;5.9;0.21;0.24;12.1;0.044;53.0;165.0;0.9969;3.25;0.39;9.5
0;6.2;0.25;0.54;7.0;0.046;58.0;176.0;0.99454;3.19;0.7;10.4
0;5.7;0.245;0.33;1.1;0.049;28.0;150.0;0.9927;3.13;0.42;9.3
0;6.6;0.34;0.34;2.6;0.051;40.5;210.0;0.99314;3.15;0.61;10.0
0;7.1;0.49;0.22;2.0;0.047;146.5;307.5;0.9924;3.24;0.37;11.0
0;5.8;0.18;0.28;1.3;0.034;9.0;94.0;0.99092;3.21;0.52;11.2
0;6.7;0.46;0.27;5.2;0.039;35.0;96.0;0.99129;3.16;0.44;12.4
0;7.1;0.37;0.3;6.2;0.04;49.0;139.0;0.99021;3.17;0.27;13.6
1;10.8;0.29;0.42;1.6;0.084;19.0;27.0;0.99545;3.28;0.73;11.9
0;5.8;0.26;0.3;2.6;0.034;75.0;129.0;0.9902;3.2;0.38;11.5
0;6.5;0.29;0.3;9.15;0.051;25.0;166.0;0.99339;3.24;0.56;11.3333333333333
0;7.3;0.18;0.65;1.4;0.046;28.0;157.0;0.9946;3.33;0.62;9.4
0;5.8;0.32;0.31;2.7;0.049;25.0;153.0;0.99067;3.44;0.73;12.2
1;9.3;0.33;0.45;1.5;0.057;19.0;37.0;0.99498;3.18;0.89;11.1
0;7.2;0.33;0.34;2.0;0.044;61.0;171.0;0.98947;3.25;0.53;13.3
0;7.7;0.27;0.49;1.8;0.041;23.0;86.0;0.9914;3.16;0.42;12.5
0;6.0;0.37;0.32;1.0;0.053;31.0;218.5;0.9924;3.29;0.72;9.8
0;6.5;0.36;0.49;2.9;0.03;16.0;94.0;0.9902;3.1;0.49;12.1
0;5.3;0.4;0.25;3.9;0.031;45.0;130.0;0.99072;3.31;0.58;11.75
0;7.1;0.28;0.19;7.8;0.04;48.0;184.0;0.99579;3.16;0.5;9.4
1;7.1;0.735;0.16;1.9;0.1;15.0;77.0;0.9966;3.27;0.64;9.3
0;7.6;0.52;0.49;14.0;0.034;37.0;156.0;0.9958;3.14;0.38;11.8
0;6.1;0.18;0.36;2.0;0.038;20.0;249.5;0.9923;3.37;0.79;11.3
0;6.0;0.4;0.3;1.6;0.047;30.0;117.0;0.9931;3.17;0.48;10.1
1;9.8;0.66;0.39;3.2;0.083;21.0;59.0;0.9989;3.37;0.71;11.5
0;7.0;0.33;0.32;1.2;0.053;38.0;138.0;0.9906;3.13;0.28;11.2
0;6.4;0.17;0.32;2.4;0.048;41.0;200.0;0.9938;3.5;0.5;9.7
0;6.4;0.29;0.44;3.6;0.197;75.0;183.0;0.9942;3.01;0.38;9.1
0;7.3;0.31;0.25;6.65;0.032;30.0;138.0;0.99244;2.9;0.37;11.1
1;7.1;0.22;0.49;1.8;0.039;8.0;18.0;0.99344;3.39;0.56;12.4
0;6.7;0.16;0.32;12.5;0.035;18.0;156.0;0.99666;2.88;0.36;9.0
0;7.7;0.44;0.24;11.2;0.031;41.0;167.0;0.9948;3.12;0.43;11.3
0;7.0;0.21;0.34;8.5;0.033;31.0;253.0;0.9953;3.22;0.56;10.5
0;6.8;0.25;0.18;1.4;0.056;13.0;137.0;0.9935;3.11;0.42;9.5
1;10.4;0.33;0.63;2.8;0.084;5.0;22.0;0.9998;3.26;0.74;11.2
1;12.7;0.6;0.65;2.3;0.063;6.0;25.0;0.9997;3.03;0.57;9.9
1;8.5;0.32;0.42;2.3;0.075;12.0;19.0;0.99434;3.14;0.71;11.8
1;7.5;0.61;0.2;1.7;0.076;36.0;60.0;0.99494;3.1;0.4;9.3
1;7.1;0.34;0.28;2.0;0.082;31.0;68.0;0.99694;3.45;0.48;9.4
0;6.6;0.2;0.27;10.9;0.038;29.0;130.0;0.99496;3.11;0.44;10.5
0;6.5;0.29;0.25;2.5;0.142;8.0;111.0;0.9927;3.0;0.44;9.9
1;8.7;0.765;0.22;2.3;0.064;9.0;42.0;0.9963;3.1;0.55;9.4
1;9.9;0.35;0.55;2.1;0.062;5.0;14.0;0.9971;3.26;0.79;10.6
0;6.8;0.27;0.37;8.2;0.055;52.0;192.0;0.99586;3.11;0.52;9.5
1;9.2;0.52;1.0;3.4;0.61;32.0;69.0;0.9996;2.74;2.0;9.4
0;6.7;0.21;0.37;2.5;0.034;35.0;89.0;0.9913;3.25;0.5;11.0
1;7.6;0.55;0.21;2.2;0.071;7.0;28.0;0.9964;3.28;0.55;9.7
0;7.8;0.28;0.31;2.1;0.046;28.0;208.0;0.99434;3.23;0.64;9.8
0;6.7;0.19;0.39;1.0;0.032;14.0;71.0;0.98912;3.31;0.38;13.0
0;5.8;0.335;0.14;5.8;0.046;49.0;197.0;0.9937;3.3;0.71;10.3
1;9.5;0.57;0.27;2.3;0.082;23.0;144.0;0.99782;3.27;0.55;9.4
1;9.1;0.37;0.32;2.1;0.064;4.0;15.0;0.99576;3.3;0.8;11.2
1;6.1;0.705;0.1;2.8;0.081;13.0;28.0;0.99631;3.6;0.66;10.2
0;5.4;0.33;0.31;4.0;0.03;27.0;108.0;0.99031;3.3;0.43;12.2
1;6.5;0.58;0.0;2.2;0.096;3.0;13.0;0.99557;3.62;0.62;11.5
0;7.3;0.28;0.54;12.9;0.049;62.0;152.0;0.9984;3.06;0.45;9.1
0;7.8;0.27;0.58;11.2;0.036;44.0;161.0;0.9977;3.06;0.41;8.9
0;7.4;0.36;0.32;1.9;0.036;27.0;119.0;0.99196;3.15;0.49;11.2
0;7.1;0.26;0.32;16.2;0.044;31.0;170.0;0.99644;3.17;0.37;11.2
0;7.0;0.27;0.74;1.5;0.036;27.0;122.0;0.9926;3.35;0.48;11.2
0;6.7;0.18;0.25;14.3;0.048;79.0;149.0;0.9975;3.12;0.37;9.7
0;6.7;0.31;0.3;2.1;0.038;18.0;130.0;0.9928;3.36;0.63;10.6
0;7.0;0.19;0.23;5.7;0.123;27.0;104.0;0.9954;3.04;0.54;9.4
0;7.8;0.28;0.49;1.3;0.046;27.0;142.0;0.9936;3.09;0.59;10.2
0;6.0;0.33;0.2;1.8;0.031;49.0;159.0;0.9919;3.41;0.53;11.0
1;7.4;0.7;0.0;1.9;0.076;11.0;34.0;0.9978;3.51;0.56;9.4
0;7.1;0.26;0.19;8.2;0.051;53.0;187.0;0.996;3.16;0.52;9.7
0;7.6;0.3;0.37;1.6;0.087;27.0;177.0;0.99438;3.09;0.5;9.8
0;5.2;0.38;0.26;7.7;0.053;20.0;103.0;0.9925;3.27;0.45;12.2
1;6.6;0.895;0.04;2.3;0.068;7.0;13.0;0.99582;3.53;0.58;10.8
0;6.2;0.23;0.38;1.6;0.044;12.0;113.0;0.99176;3.3;0.73;11.4
1;11.3;0.36;0.66;2.4;0.123;3.0;8.0;0.99642;3.2;0.53;11.9
0;8.2;0.15;0.48;2.7;0.052;24.0;190.0;0.995;3.5;0.45;10.9
1;7.0;0.49;0.49;5.6;0.06;26.0;121.0;0.9974;3.34;0.76;10.5
0;6.8;0.34;0.1;1.4;0.049;29.0;118.0;0.9936;3.21;0.41;9.5
0;6.5;0.22;0.34;12.0;0.053;55.0;177.0;0.9983;3.52;0.44;9.9
0;6.3;0.32;0.17;17.75;0.06;51.0;190.0;0.99916;3.13;0.48;8.8
0;6.1;0.37;0.36;4.7;0.035;36.0;116.0;0.991;3.31;0.62;12.6
0;6.1;0.25;0.24;12.1;0.046;51.0;172.0;0.998;3.35;0.45;9.5
0;6.9;0.3;0.21;15.7;0.056;49.0;159.0;0.99827;3.11;0.48;9.0
1;8.1;0.575;0.22;2.1;0.077;12.0;65.0;0.9967;3.29;0.51;9.2
1;8.4;0.6;0.1;2.2;0.085;14.0;111.0;0.9964;3.15;0.66;9.8
1;12.0;0.5;0.59;1.4;0.073;23.0;42.0;0.998;2.92;0.68;10.5
0;6.5;0.44;0.47;5.45;0.014;44.0;137.0;0.98984;3.13;0.32;13.0
0;6.2;0.17;0.28;4.7;0.037;39.0;133.0;0.9931;3.41;0.46;10.8
0;6.1;0.17;0.27;1.5;0.056;45.0;135.0;0.9924;3.2;0.43;10.2
0;8.2;0.18;0.49;1.1;0.033;28.0;81.0;0.9923;3.0;0.68;10.4
0;6.6;0.26;0.25;11.6;0.045;45.0;178.0;0.99691;3.33;0.43;9.8
0;7.2;0.35;0.25;5.6;0.032;23.0;120.0;0.99334;2.93;0.66;10.3
0;7.7;0.34;0.58;11.1;0.039;41.0;151.0;0.9978;3.06;0.49;8.6
0;7.3;0.24;0.41;13.6;0.05;41.0;178.0;0.9988;3.37;0.43;9.7
0;7.7;0.22;0.42;1.9;0.052;10.0;87.0;0.9922;3.3;0.49;11.8
1;8.7;0.42;0.45;2.4;0.072;32.0;59.0;0.99617;3.33;0.77;12.0
0;7.1;0.18;0.26;1.3;0.041;20.0;71.0;0.9926;3.04;0.74;9.9
0;6.1;0.27;0.32;1.1;0.034;24.0;110.0;0.9898;3.36;0.4;12.5
0;9.4;0.3;0.32;10.7;0.029;14.0;111.0;0.9958;2.85;0.42;10.6
0;8.4;0.2;0.38;11.8;0.055;51.0;170.0;1.0004;3.34;0.82;8.9
1;9.0;0.58;0.25;2.8;0.075;9.0;104.0;0.99779;3.23;0.57;9.7
0;7.0;0.25;0.33;2.1;0.021;17.0;76.0;0.99021;3.26;0.45;12.3
1;7.5;0.5;0.36;6.1;0.071;17.0;102.0;0.9978;3.35;0.8;10.5
1;7.2;0.57;0.05;2.3;0.081;16.0;36.0;0.99564;3.38;0.6;10.3
0;7.1;0.36;0.56;1.3;0.046;25.0;102.0;0.9923;3.24;0.33;10.5
0;6.2;0.23;0.36;17.2;0.039;37.0;130.0;0.99946;3.23;0.43;8.8
0;7.3;0.29;0.37;8.3;0.044;45.0;227.0;0.9966;3.12;0.47;9.0
0;7.9;0.42;0.49;8.2;0.056;32.0;164.0;0.9965;3.29;0.6;11.2
0;6.7;0.16;0.34;1.6;0.026;27.0;109.0;0.9934;3.34;0.58;10.1
1;8.6;0.33;0.4;2.6;0.083;16.0;68.0;0.99782;3.3;0.48;9.4
1;10.9;0.21;0.49;2.8;0.088;11.0;32.0;0.9972;3.22;0.68;11.7
0;7.2;0.23;0.38;6.1;0.067;20.0;90.0;0.99496;3.17;0.79;9.7
0;7.0;0.44;0.24;12.1;0.056;68.0;210.0;0.99718;3.05;0.5;9.5
0;7.0;0.12;0.29;10.3;0.039;41.0;98.0;0.99564;3.19;0.38;9.8
0;6.7;0.33;0.34;7.5;0.036;39.0;124.0;0.99123;2.99;0.32;12.4
0;6.2;0.28;0.27;10.3;0.03;26.0;108.0;0.99388;3.2;0.36;10.7
0;6.2;0.41;0.22;1.9;0.023;5.0;56.0;0.98928;3.04;0.79;13.0
0;6.0;0.21;0.3;8.7;0.036;47.0;127.0;0.99368;3.18;0.39;10.6
1;7.7;0.53;0.06;1.7;0.074;9.0;39.0;0.99615;3.35;0.48;9.8
0;5.7;0.18;0.36;1.2;0.046;9.0;71.0;0.99199;3.7;0.68;10.9
0;5.6;0.225;0.24;9.8;0.054;59.0;140.0;0.99545;3.17;0.39;10.2
1;7.0;0.4;0.32;3.6;0.061;9.0;29.0;0.99416;3.28;0.49;11.3
1;8.6;0.38;0.36;3.0;0.081;30.0;119.0;0.997;3.2;0.56;9.4
0;7.0;0.15;0.3;13.3;0.049;46.0;120.0;0.99704;3.2;0.36;9.5
0;7.3;0.28;0.35;1.6;0.054;31.0;148.0;0.99178;3.18;0.47;10.7
0;6.7;0.325;0.82;1.2;0.152;49.0;120.0;0.99312;2.99;0.38;9.2
0;6.6;0.25;0.33;8.5;0.042;29.0;141.0;0.99546;3.28;0.6;10.4
0;6.6;0.22;0.53;15.1;0.052;22.0;136.0;0.9986;2.94;0.35;9.4
1;6.8;0.81;0.05;2.0;0.07;6.0;14.0;0.99562;3.51;0.66;10.8
1;7.9;0.4;0.3;1.8;0.157;2.0;45.0;0.99727;3.31;0.91;9.5
0;7.0;0.23;0.35;1.4;0.036;31.0;113.0;0.9912;3.16;0.48;10.8
0;7.4;0.24;0.29;10.1;0.05;21.0;105.0;0.9962;3.13;0.35;9.5
0;6.6;0.4;0.46;6.2;0.056;42.0;241.0;0.9968;3.5;0.6;9.9
0;5.3;0.24;0.33;1.3;0.033;25.0;97.0;0.9906;3.59;0.38;11.0
0;5.9;0.2;0.23;1.5;0.037;38.0;93.0;0.99021;3.36;0.49;12.0
0;6.8;0.14;0.35;1.5;0.047;40.0;117.0;0.99111;3.07;0.72;11.1
0;6.9;0.3;0.29;1.3;0.053;24.0;189.0;0.99362;3.29;0.54;9.9
1;8.2;1.0;0.09;2.3;0.065;7.0;37.0;0.99685;3.32;0.55;9.0
0;6.4;0.28;0.45;8.6;0.057;47.0;223.0;0.99654;3.16;0.51;9.1
0;7.4;0.2;0.43;7.8;0.045;27.0;153.0;0.9964;3.19;0.55;9.0
0;6.7;0.24;0.46;2.2;0.033;19.0;111.0;0.99045;3.1;0.62;11.9
0;6.0;0.25;0.4;5.7;0.052;56.0;152.0;0.99398;3.16;0.88;10.5
0;5.9;0.2;0.4;1.3;0.047;23.0;92.0;0.99232;3.2;0.45;10.0
1;7.1;0.63;0.06;2.0;0.083;8.0;29.0;0.99855;3.67;0.73;9.6
0;6.3;0.3;0.34;1.6;0.049;14.0;132.0;0.994;3.3;0.49;9.5
0;7.3;0.23;0.37;1.8;0.032;60.0;156.0;0.992;3.11;0.35;11.1
1;13.2;0.38;0.55;2.7;0.081;5.0;16.0;1.0006;2.98;0.54;9.4
0;8.0;0.45;0.28;10.8;0.051;25.0;157.0;0.9957;3.06;0.47;11.4
0;7.0;0.35;0.17;1.1;0.049;7.0;119.0;0.99297;3.13;0.36;9.7
0;6.6;0.25;0.51;8.0;0.047;61.0;189.0;0.99604;3.22;0.49;9.2
0;7.0;0.25;0.29;15.2;0.047;40.0;171.0;0.9982;3.22;0.45;9.3
0;6.2;0.25;0.54;7.0;0.046;58.0;176.0;0.99454;3.19;0.7;10.4
0;9.7;0.24;0.49;4.9;0.032;3.0;18.0;0.99368;2.85;0.54;10.0
0;5.9;0.42;0.36;2.4;0.034;19.0;77.0;0.99184;3.25;0.48;10.9
0;6.6;0.2;0.27;10.9;0.038;29.0;130.0;0.99496;3.11;0.44;10.5
0;6.3;0.18;0.24;3.4;0.053;20.0;119.0;0.99373;3.11;0.52;9.2
0;6.4;0.69;0.09;7.6;0.044;34.0;144.0;0.9948;3.26;0.38;10.1
0;6.8;0.18;0.3;12.8;0.062;19.0;171.0;0.99808;3.0;0.52;9.0
0;8.4;0.19;0.42;1.6;0.047;9.0;101.0;0.994;3.06;0.65;11.1
0;6.7;0.26;0.49;8.1;0.052;48.0;197.0;0.99558;3.19;0.48;9.5
0;7.8;0.29;0.36;7.0;0.042;38.0;161.0;0.9941;3.26;0.37;11.2
0;6.4;0.29;0.2;15.6;0.04;20.0;142.0;0.9962;3.1;0.54;10.6
1;8.9;0.12;0.45;1.8;0.075;10.0;21.0;0.99552;3.41;0.76;11.9
1;5.6;0.62;0.03;1.5;0.08;6.0;13.0;0.99498;3.66;0.62;10.1
1;7.6;0.55;0.21;2.2;0.071;7.0;28.0;0.9964;3.28;0.55;9.7
0;6.3;0.22;0.57;1.4;0.208;14.0;96.0;0.9932;3.16;0.43;10.0
0;7.0;0.35;0.31;1.8;0.069;15.0;162.0;0.9944;3.18;0.47;9.4
1;7.0;0.23;0.4;1.6;0.063;21.0;67.0;0.9952;3.5;0.63;11.1
1;8.3;0.705;0.12;2.6;0.092;12.0;28.0;0.9994;3.51;0.72;10.0
1;9.0;0.46;0.23;2.8;0.092;28.0;104.0;0.9983;3.1;0.56;9.2
0;6.0;0.28;0.52;6.2;0.028;37.0;104.0;0.99161;3.28;0.51;11.8
0;6.7;0.18;0.19;4.7;0.046;57.0;161.0;0.9946;3.32;0.66;10.5
0;8.3;0.2;0.74;4.45;0.044;33.0;130.0;0.9924;3.25;0.42;12.2
0;6.5;0.27;0.19;6.6;0.045;98.0;175.0;0.99364;3.16;0.34;10.1
0;5.0;0.24;0.21;2.2;0.039;31.0;100.0;0.99098;3.69;0.62;11.7
0;5.6;0.19;0.31;2.7;0.027;11.0;100.0;0.98964;3.46;0.4;13.2
0;6.3;0.3;0.24;6.6;0.04;38.0;141.0;0.995;3.22;0.47;9.5
0;7.3;0.41;0.24;6.8;0.057;41.0;163.0;0.9949;3.2;0.41;9.9
0;7.0;0.31;0.52;1.7;0.029;5.0;61.0;0.9918;3.07;0.43;10.4
1;10.3;0.53;0.48;2.5;0.063;6.0;25.0;0.9998;3.12;0.59;9.3
0;7.8;0.28;0.25;3.4;0.024;27.0;99.0;0.98959;2.98;0.37;13.0
0;6.3;0.39;0.22;2.8;0.048;53.0;173.0;0.99304;3.24;0.45;9.8
1;11.9;0.58;0.66;2.5;0.072;6.0;37.0;0.9992;3.05;0.56;10.0
0;6.9;0.3;0.45;1.4;0.039;36.0;122.0;0.99059;3.07;0.47;11.1
1;9.3;0.43;0.44;1.9;0.085;9.0;22.0;0.99708;3.28;0.55;9.5
0;5.3;0.32;0.12;6.6;0.043;22.0;141.0;0.9937;3.36;0.6;10.4
0;8.2;0.52;0.34;1.2;0.042;18.0;167.0;0.99366;3.24;0.39;10.6
0;6.7;0.27;0.3;13.9;0.029;34.0;131.0;0.9953;3.36;0.5;12.0
0;6.6;0.17;0.28;1.1;0.034;55.0;108.0;0.98939;3.0;0.52;11.9
0;6.5;0.43;0.28;11.25;0.032;31.0;87.0;0.9922;3.02;0.38;12.4
0;7.4;0.32;0.27;12.9;0.04;60.0;221.0;0.99831;3.05;0.66;9.4
0;6.6;0.18;0.26;17.3;0.051;17.0;149.0;0.9984;3.0;0.43;9.4
0;6.6;0.32;0.27;10.9;0.041;37.0;146.0;0.9963;3.24;0.47;10.0
0;7.0;0.39;0.21;10.7;0.098;13.0;91.0;0.99657;3.03;0.47;9.3
0;6.8;0.22;0.35;5.5;0.043;21.0;114.0;0.9938;3.3;0.53;10.7
0;7.5;0.29;0.24;9.9;0.058;25.0;115.0;0.99567;3.15;0.46;10.9
0;7.0;0.24;0.47;1.3;0.043;18.0;131.0;0.99176;3.19;0.45;11.0
0;14.2;0.27;0.49;1.1;0.037;33.0;156.0;0.992;3.15;0.54;11.1
0;7.2;0.34;0.3;8.4;0.051;40.0;167.0;0.99756;3.48;0.62;9.7
1;7.9;0.3;0.68;8.3;0.05;37.5;289.0;0.99316;3.01;0.51;12.3
0;7.9;0.18;0.33;1.2;0.033;20.0;72.0;0.9922;3.12;0.38;10.5
0;7.1;0.13;0.29;15.5;0.064;56.0;115.5;0.99737;3.16;0.41;9.7
0;6.6;0.19;0.33;1.8;0.035;42.0;148.0;0.99196;3.15;0.36;10.2
1;7.1;0.31;0.3;2.2;0.053;36.0;127.0;0.9965;2.94;1.62;9.5
1;8.8;0.27;0.39;2.0;0.1;20.0;27.0;0.99546;3.15;0.69;11.2
0;6.9;0.28;0.37;9.1;0.037;16.0;76.0;0.9948;3.05;0.54;11.1
1;6.9;0.63;0.33;6.7;0.235;66.0;115.0;0.99787;3.22;0.56;9.5
0;7.2;0.37;0.15;2.0;0.029;27.0;87.0;0.9903;3.3;0.59;12.6
0;6.5;0.33;0.28;6.1;0.018;41.0;103.0;0.99122;3.24;0.32;12.2
0;6.3;0.2;0.58;1.4;0.204;15.0;97.0;0.9931;3.16;0.43;10.0
1;10.9;0.39;0.47;1.8;0.118;6.0;14.0;0.9982;3.3;0.75;9.8
1;7.3;0.59;0.26;2.0;0.08;17.0;104.0;0.99584;3.28;0.52;9.9
1;10.7;0.4;0.48;2.1;0.125;15.0;49.0;0.998;3.03;0.81;9.7
0;6.6;0.22;0.23;17.3;0.047;37.0;118.0;0.99906;3.08;0.46;8.8
0;7.0;0.14;0.49;5.9;0.053;22.0;118.0;0.9954;3.36;0.36;9.4
0;5.0;0.17;0.56;1.5;0.026;24.0;115.0;0.9906;3.48;0.39;10.8
1;6.8;0.68;0.21;2.1;0.07;9.0;23.0;0.99546;3.38;0.6;10.3
0;7.5;0.14;0.74;1.6;0.035;21.0;126.0;0.9933;3.26;0.45;10.2
1;9.0;0.48;0.32;2.8;0.084;21.0;122.0;0.9984;3.32;0.62;9.4
0;6.9;0.4;0.56;11.2;0.043;40.0;142.0;0.9975;3.14;0.46;8.7
0;6.8;0.22;0.37;1.7;0.036;38.0;195.0;0.9908;3.35;0.72;12.5
0;6.4;0.2;0.32;3.1;0.041;18.0;126.0;0.9914;3.43;0.42;12.0
0;7.9;0.51;0.36;6.2;0.051;30.0;173.0;0.9984;3.09;0.53;9.7
0;8.5;0.19;0.56;17.3;0.055;47.0;169.0;1.00047;3.07;0.67;9.3
0;7.1;0.39;0.3;9.9;0.037;29.0;124.0;0.99414;3.07;0.42;10.9
0;6.6;0.26;0.27;1.5;0.04;19.0;114.0;0.99295;3.36;0.62;10.5
0;6.9;0.33;0.21;1.0;0.053;39.0;148.0;0.9927;3.12;0.45;9.4
1;9.0;0.47;0.31;2.7;0.084;24.0;125.0;0.9984;3.31;0.61;9.4
0;9.8;0.36;0.45;1.6;0.042;11.0;124.0;0.9944;2.93;0.46;10.8
0;6.3;0.24;0.74;1.4;0.172;24.0;108.0;0.9932;3.27;0.39;9.9
0;7.4;0.29;0.48;12.8;0.037;61.5;182.0;0.99808;3.02;0.34;8.8
0;6.1;0.34;0.29;2.2;0.036;25.0;100.0;0.98938;3.06;0.44;11.8
1;10.4;0.41;0.55;3.2;0.076;22.0;54.0;0.9996;3.15;0.89;9.9
0;5.7;0.695;0.06;6.8;0.042;9.0;84.0;0.99432;3.44;0.44;10.2
1;9.5;0.39;0.41;8.9;0.069;18.0;39.0;0.99859;3.29;0.81;10.9
1;6.8;0.68;0.09;3.9;0.068;15.0;29.0;0.99524;3.41;0.52;11.1
0;6.5;0.19;0.28;1.4;0.046;22.0;90.0;0.99038;3.18;0.51;11.7
0;8.8;0.23;0.74;3.2;0.042;15.0;126.0;0.9934;3.02;0.51;11.2
0;7.6;0.32;0.25;9.5;0.03;15.0;136.0;0.99367;3.1;0.44;12.1
1;11.2;0.67;0.55;2.3;0.084;6.0;13.0;1.0;3.17;0.71;9.5
0;6.4;0.15;0.4;1.3;0.053;61.0;146.0;0.99112;3.17;0.68;11.0
0;5.0;0.33;0.16;1.5;0.049;10.0;97.0;0.9917;3.48;0.44;10.7
0;6.4;0.31;0.26;13.2;0.046;57.0;205.0;0.9975;3.17;0.41;9.6
1;9.1;0.6;0.0;1.9;0.058;5.0;10.0;0.9977;3.18;0.63;10.4
0;5.7;0.23;0.28;9.65;0.025;26.0;121.0;0.9925;3.28;0.38;11.3
1;13.7;0.415;0.68;2.9;0.085;17.0;43.0;1.0014;3.06;0.8;10.0
1;7.7;0.39;0.12;1.7;0.097;19.0;27.0;0.99596;3.16;0.49;9.4
0;8.0;0.22;0.42;14.6;0.044;45.0;163.0;1.0003;3.21;0.69;8.6
0;5.7;0.22;0.2;16.0;0.044;41.0;113.0;0.99862;3.22;0.46;8.9
0;5.6;0.35;0.4;6.3;0.022;23.0;174.0;0.9922;3.54;0.5;11.6
1;8.6;0.49;0.29;2.0;0.11;19.0;133.0;0.9972;2.93;1.98;9.8
0;6.3;0.35;0.3;5.7;0.035;8.0;97.0;0.9927;3.27;0.41;11.0
1;12.3;0.39;0.63;2.3;0.091;6.0;18.0;1.0004;3.16;0.49;9.5
1;7.2;0.38;0.31;2.0;0.056;15.0;29.0;0.99472;3.23;0.76;11.3
0;6.9;0.23;0.4;7.5;0.04;50.0;151.0;0.9927;3.11;0.27;11.4
0;6.3;0.25;0.23;14.9;0.039;47.0;142.0;0.99705;3.14;0.35;9.7
0;7.2;0.18;0.31;1.1;0.045;20.0;73.0;0.9925;3.32;0.4;10.8
0;6.7;0.4;0.22;8.8;0.052;24.0;113.0;0.99576;3.22;0.45;9.4
0;6.7;0.21;0.42;9.1;0.049;31.0;150.0;0.9953;3.12;0.74;9.9
0;6.7;0.48;0.49;2.9;0.03;28.0;122.0;0.98926;3.13;0.4;13.0
0;7.4;0.27;0.48;1.1;0.047;17.0;132.0;0.9914;3.19;0.49;11.6
1;7.2;0.39;0.44;2.6;0.066;22.0;48.0;0.99494;3.3;0.84;11.5
0;6.1;0.36;0.16;6.4;0.037;36.0;198.0;0.9944;3.17;0.62;9.9
0;7.7;0.28;0.58;12.1;0.046;60.0;177.0;0.9983;3.08;0.46;8.9
0;7.0;0.39;0.24;1.0;0.048;8.0;119.0;0.9923;3.0;0.31;10.1
0;6.7;0.31;0.3;2.4;0.038;30.0;83.0;0.98867;3.09;0.36;12.8
0;6.7;0.15;0.32;7.9;0.034;17.0;81.0;0.99512;3.29;0.31;10.0
0;7.2;0.24;0.19;7.7;0.045;53.0;176.0;0.9958;3.17;0.38;9.5
0;6.8;0.24;0.35;6.4;0.048;44.0;172.0;0.9944;3.29;0.55;10.5
0;8.1;0.5;0.47;1.1;0.037;23.0;126.0;0.9938;3.21;0.42;10.9
1;12.0;0.63;0.5;1.4;0.071;6.0;26.0;0.99791;3.07;0.6;10.4
0;6.2;0.26;0.37;7.1;0.047;54.0;201.0;0.99523;3.19;0.48;9.5
1;6.5;0.4;0.1;2.0;0.076;30.0;47.0;0.99554;3.36;0.48;9.4
1;7.0;0.42;0.19;2.3;0.071;18.0;36.0;0.99476;3.39;0.56;10.9
1;7.0;0.5;0.14;1.8;0.078;10.0;23.0;0.99636;3.53;0.61;10.4
0;7.3;0.22;0.41;15.4;0.05;55.0;191.0;1.0;3.32;0.59;8.9
0;6.0;0.1;0.24;1.1;0.041;15.0;65.0;0.9927;3.61;0.61;10.3
1;8.8;0.55;0.04;2.2;0.119;14.0;56.0;0.9962;3.21;0.6;10.9
0;7.6;0.29;0.58;17.5;0.041;51.0;225.0;0.9997;3.16;0.66;9.5
0;7.2;0.28;0.26;12.5;0.046;48.0;179.0;0.9975;3.1;0.52;9.0
0;6.7;0.31;0.44;6.7;0.054;29.0;160.0;0.9952;3.04;0.44;9.6
0;5.4;0.415;0.19;1.6;0.039;27.0;88.0;0.99265;3.54;0.41;10.0
0;6.8;0.26;0.26;2.0;0.019;23.5;72.0;0.99041;3.16;0.47;11.8
0;5.7;0.26;0.3;1.8;0.039;30.0;105.0;0.98995;3.48;0.52;12.5
0;6.9;0.2;0.4;7.7;0.032;51.0;176.0;0.9939;3.22;0.27;11.4
0;6.2;0.22;0.28;2.2;0.04;24.0;125.0;0.9917;3.19;0.48;10.5
0;7.8;0.39;0.26;9.9;0.059;33.0;181.0;0.9955;3.04;0.42;10.9
0;8.3;0.27;0.39;2.4;0.058;16.0;107.0;0.9955;3.28;0.59;10.3
0;7.1;0.26;0.32;14.45;0.074;29.0;107.0;0.998;2.96;0.42;9.2
0;7.7;0.18;0.35;5.8;0.055;25.0;144.0;0.99576;3.24;0.54;10.2
0;6.9;0.19;0.35;13.5;0.038;49.0;118.0;0.99546;3.0;0.63;10.7
0;8.4;0.22;0.28;18.8;0.028;55.0;130.0;0.998;2.96;0.35;11.6
0;6.4;0.15;0.29;1.8;0.044;21.0;115.0;0.99166;3.1;0.38;10.2
0;7.5;0.31;0.51;14.8;0.039;62.0;204.0;0.9982;3.06;0.6;9.5
0;7.6;0.56;0.12;10.4;0.096;22.0;177.0;0.9983;3.32;0.45;9.1
1;6.9;0.41;0.33;2.2;0.081;22.0;36.0;0.9949;3.41;0.75;11.1
1;6.3;1.02;0.0;2.0;0.083;17.0;24.0;0.99437;3.59;0.55;11.2
1;6.9;0.84;0.21;4.1;0.074;16.0;65.0;0.99842;3.53;0.72;9.25
0;7.0;0.24;0.3;12.3;0.035;72.0;172.0;0.9954;2.99;0.57;10.4
0;6.8;0.25;0.34;4.7;0.031;34.0;134.0;0.9927;3.21;0.38;10.6
1;7.7;0.49;0.26;1.9;0.062;9.0;31.0;0.9966;3.39;0.64;9.6
0;6.7;0.48;0.32;1.4;0.021;22.0;121.0;0.9889;3.15;0.53;12.7
0;6.4;0.45;0.07;1.1;0.03;10.0;131.0;0.9905;2.97;0.28;10.8
0;9.2;0.71;0.23;6.2;0.042;15.0;93.0;0.9948;2.89;0.34;10.1
1;15.5;0.645;0.49;4.2;0.095;10.0;23.0;1.00315;2.92;0.74;11.1
0;6.2;0.22;0.27;1.5;0.064;20.0;132.0;0.9938;3.22;0.46;9.2
0;7.1;0.27;0.24;12.6;0.044;48.0;118.0;0.99726;3.04;0.56;10.0
0;7.4;0.26;0.31;2.4;0.043;58.0;178.0;0.9941;3.42;0.68;10.6
1;6.7;0.46;0.24;1.7;0.077;18.0;34.0;0.9948;3.39;0.6;10.6
0;8.3;0.18;0.3;1.1;0.033;20.0;57.0;0.99109;3.02;0.51;11.0
1;6.2;0.39;0.43;2.0;0.071;14.0;24.0;0.99428;3.45;0.87;11.2
1;7.8;0.56;0.19;1.8;0.104;12.0;47.0;0.9964;3.19;0.93;9.5
0;5.9;0.26;0.25;12.5;0.034;38.0;152.0;0.9977;3.33;0.43;9.4
1;7.8;0.64;0.1;6.0;0.115;5.0;11.0;0.9984;3.37;0.69;10.1
1;7.3;0.35;0.24;2.0;0.067;28.0;48.0;0.99576;3.43;0.54;10.0
1;6.3;0.36;0.19;3.2;0.075;15.0;39.0;0.9956;3.56;0.52;12.7
0;6.6;0.13;0.29;13.9;0.056;33.0;95.0;0.99702;3.17;0.39;9.4
1;9.0;0.785;0.24;1.7;0.078;10.0;21.0;0.99692;3.29;0.67;10.0
1;10.3;0.59;0.42;2.8;0.09;35.0;73.0;0.999;3.28;0.7;9.5
1;8.7;0.625;0.16;2.0;0.101;13.0;49.0;0.9962;3.14;0.57;11.0
0;6.8;0.475;0.33;3.95;0.047;16.0;81.0;0.98988;3.23;0.53;13.4
0;6.8;0.21;0.27;2.1;0.03;26.0;139.0;0.99;3.16;0.61;12.6
0;6.6;0.23;0.26;1.3;0.045;16.0;128.0;0.9934;3.36;0.6;10.0
1;9.9;0.5;0.5;13.8;0.205;48.0;82.0;1.00242;3.16;0.75;8.8
0;6.6;0.17;0.3;1.1;0.031;13.0;73.0;0.99095;3.17;0.58;11.0
0;6.9;0.4;0.42;6.2;0.066;41.0;176.0;0.99552;3.12;0.54;9.4
0;6.1;1.1;0.16;4.4;0.033;8.0;109.0;0.99058;3.35;0.47;12.4
1;10.2;0.36;0.64;2.9;0.122;10.0;41.0;0.998;3.23;0.66;12.5
1;7.1;0.84;0.02;4.4;0.096;5.0;13.0;0.997;3.41;0.57;11.0
0;6.2;0.12;0.26;5.7;0.044;56.0;158.0;0.9951;3.52;0.37;10.5
0;5.5;0.42;0.09;1.6;0.019;18.0;68.0;0.9906;3.33;0.51;11.4
1;9.5;0.46;0.49;6.3;0.064;5.0;17.0;0.9988;3.21;0.73;11.0
0;8.3;0.4;0.41;8.2;0.05;15.0;122.0;0.9979;3.39;0.49;9.3
0;8.0;0.59;0.71;17.35;0.038;61.0;228.0;1.0;2.95;0.75;9.3
1;6.8;0.64;0.0;2.7;0.123;15.0;33.0;0.99538;3.44;0.63;11.3
1;6.8;0.36;0.32;1.8;0.067;4.0;8.0;0.9928;3.36;0.55;12.8
1;7.1;0.43;0.17;1.8;0.082;27.0;51.0;0.99634;3.49;0.64;10.4
0;7.6;0.17;0.36;4.5;0.042;26.0;102.0;0.99427;3.09;0.47;9.5
0;5.6;0.26;0.27;10.6;0.03;27.0;119.0;0.9947;3.4;0.34;10.7
0;6.5;0.33;0.38;2.5;0.047;30.0;148.0;0.98964;3.17;0.43;12.7
1;7.9;1.04;0.05;2.2;0.084;13.0;29.0;0.9959;3.22;0.55;9.9
0;6.4;0.5;0.2;2.4;0.059;19.0;112.0;0.99314;3.18;0.4;9.2
0;6.2;0.2;0.31;1.0;0.031;22.0;73.0;0.99035;3.24;0.52;11.3
1;8.6;0.8;0.11;2.3;0.084;12.0;31.0;0.9979;3.4;0.48;9.9
0;6.9;0.19;0.33;1.6;0.039;27.0;98.0;0.9898;3.09;0.46;12.3
0;6.8;0.26;0.24;1.9;0.043;70.0;154.0;0.99273;3.18;0.52;10.5
0;6.8;0.35;0.53;10.1;0.053;37.0;151.0;0.9963;3.07;0.4;9.4
1;6.5;0.63;0.33;1.8;0.059;16.0;28.0;0.99531;3.36;0.64;10.1
1;7.5;0.63;0.27;2.0;0.083;17.0;91.0;0.99616;3.26;0.58;9.8
0;7.0;0.27;0.48;6.1;0.042;60.0;184.0;0.99566;3.2;0.5;9.4
0;6.9;0.32;0.16;1.4;0.051;15.0;96.0;0.994;3.22;0.38;9.5
0;9.8;0.93;0.45;8.6;0.052;34.0;187.0;0.9994;3.12;0.59;10.2
1;7.3;0.66;0.0;2.0;0.084;6.0;23.0;0.9983;3.61;0.96;9.9
0;7.2;0.08;0.49;1.3;0.05;18.0;148.0;0.9945;3.46;0.44;10.2
1;7.6;0.49;0.33;1.9;0.074;27.0;85.0;0.99706;3.41;0.58;9.0
0;6.5;0.5;0.22;4.1;0.036;35.0;131.0;0.9902;3.26;0.55;13.0
0;7.0;0.3;0.51;13.6;0.05;40.0;168.0;0.9976;3.07;0.52;9.6
0;5.8;0.24;0.26;10.05;0.039;63.0;162.0;0.99375;3.33;0.5;11.2
1;8.9;0.35;0.4;3.6;0.11;12.0;24.0;0.99549;3.23;0.7;12.0
0;6.8;0.21;0.27;18.15;0.042;41.0;146.0;1.0001;3.3;0.36;8.7
1;10.3;0.53;0.48;2.5;0.063;6.0;25.0;0.9998;3.12;0.59;9.3
1;7.5;0.51;0.02;1.7;0.084;13.0;31.0;0.99538;3.36;0.54;10.5
1;10.0;0.59;0.31;2.2;0.09;26.0;62.0;0.9994;3.18;0.63;10.2
0;6.8;0.31;0.3;8.0;0.028;33.0;122.0;0.99164;3.13;0.63;12.6
0;6.1;0.105;0.31;1.3;0.037;55.0;145.0;0.9912;3.41;0.41;11.1
0;6.5;0.18;0.33;1.4;0.029;35.0;138.0;0.99114;3.36;0.6;11.5
0;6.6;0.24;0.27;1.4;0.057;33.0;152.0;0.9934;3.22;0.56;9.5
1;10.0;0.35;0.47;2.0;0.061;6.0;11.0;0.99585;3.23;0.52;12.0
1;8.3;0.26;0.37;1.4;0.076;8.0;23.0;0.9974;3.26;0.7;9.6
0;6.9;0.38;0.32;8.5;0.044;36.0;152.0;0.9932;3.38;0.35;12.0
1;7.0;0.69;0.07;2.5;0.091;15.0;21.0;0.99572;3.38;0.6;11.3
0;7.0;0.21;0.31;6.0;0.046;29.0;108.0;0.9939;3.26;0.5;10.8
0;6.6;0.21;0.49;18.15;0.042;41.0;158.0;0.9997;3.28;0.39;8.7
1;13.0;0.32;0.65;2.6;0.093;15.0;47.0;0.9996;3.05;0.61;10.6
0;6.1;0.2;0.34;9.5;0.041;38.0;201.0;0.995;3.14;0.44;10.1
1;9.1;0.64;0.23;3.1;0.095;13.0;38.0;0.9998;3.28;0.59;9.7
0;7.3;0.25;0.26;7.2;0.048;52.0;207.0;0.99587;3.12;0.37;9.2
0;7.1;0.28;0.26;1.9;0.049;12.0;86.0;0.9934;3.15;0.38;9.4
0;8.9;0.34;0.32;1.3;0.041;12.0;188.0;0.9953;3.17;0.49;9.5
0;7.4;0.2;0.36;1.2;0.038;44.0;111.0;0.9926;3.36;0.34;9.9
0;6.0;0.29;0.25;1.4;0.033;30.0;114.0;0.98794;3.08;0.43;13.2
1;7.7;0.715;0.01;2.1;0.064;31.0;43.0;0.99371;3.41;0.57;11.8
0;6.9;0.26;0.31;7.0;0.039;37.0;175.0;0.99376;3.32;0.49;11.4
0;6.0;0.16;0.3;6.7;0.043;43.0;153.0;0.9951;3.63;0.46;10.6
0;6.4;0.3;0.38;7.8;0.046;35.0;192.0;0.9955;3.1;0.37;9.0
0;6.7;0.16;0.28;2.5;0.046;40.0;153.0;0.9921;3.38;0.51;11.4
1;10.0;0.26;0.54;1.9;0.083;42.0;74.0;0.99451;2.98;0.63;11.8
0;6.7;0.5;0.63;13.4;0.078;81.0;238.0;0.9988;3.08;0.44;9.2
0;7.0;0.3;0.32;6.4;0.034;28.0;97.0;0.9924;3.23;0.44;11.8
0;4.7;0.67;0.09;1.0;0.02;5.0;9.0;0.98722;3.3;0.34;13.6
0;6.7;0.11;0.26;14.8;0.053;44.0;95.0;0.99676;3.2;0.35;9.8
0;7.3;0.22;0.26;1.5;0.04;32.0;172.0;0.99194;3.27;0.48;11.2
0;6.2;0.32;0.24;4.1;0.051;34.0;149.0;0.99306;3.36;0.52;11.0
1;7.9;0.545;0.06;4.0;0.087;27.0;61.0;0.9965;3.36;0.67;10.7
1;8.4;0.62;0.12;1.8;0.072;38.0;46.0;0.99504;3.38;0.89;11.8
0;5.9;0.18;0.28;1.0;0.037;24.0;88.0;0.99094;3.29;0.55;10.65
0;6.3;0.26;0.49;1.5;0.052;34.0;134.0;0.9924;2.99;0.61;9.8
0;6.6;0.19;0.43;10.9;0.045;53.0;154.0;0.99752;3.52;0.77;10.4
0;8.5;0.26;0.21;16.2;0.074;41.0;197.0;0.998;3.02;0.5;9.8
0;8.0;0.22;0.32;10.4;0.043;63.0;201.0;0.997;3.11;0.53;9.5
1;10.5;0.24;0.47;2.1;0.066;6.0;24.0;0.9978;3.15;0.9;11.0
1;10.6;1.025;0.43;2.8;0.08;21.0;84.0;0.9985;3.06;0.57;10.1
0;6.8;0.18;0.46;1.4;0.064;37.0;160.0;0.9924;3.37;0.45;11.1
0;6.6;0.27;0.32;1.3;0.044;18.0;93.0;0.99044;3.11;0.56;12.25
0;7.3;0.18;0.65;1.4;0.046;28.0;157.0;0.9946;3.33;0.62;9.4
0;6.9;0.18;0.33;1.0;0.054;24.0;164.0;0.9926;3.42;0.51;10.5
0;7.7;0.28;0.33;6.7;0.037;32.0;155.0;0.9951;3.39;0.62;10.7
0;6.9;0.18;0.3;2.0;0.038;39.0;190.0;0.9914;3.32;0.37;12.2
0;6.6;0.38;0.15;4.6;0.044;25.0;78.0;0.9931;3.11;0.38;10.2
0;6.8;0.2;0.27;1.2;0.034;19.0;68.0;0.9902;3.14;0.37;11.7
0;5.8;0.25;0.28;11.1;0.056;45.0;175.0;0.99755;3.42;0.43;9.5
0;7.1;0.43;0.25;2.8;0.036;43.0;132.0;0.98975;3.21;0.47;13.4
0;8.5;0.28;0.34;13.8;0.041;32.0;161.0;0.9981;3.13;0.4;9.9
0;6.7;0.38;0.26;9.55;0.036;35.0;91.0;0.9919;2.98;0.37;12.4
0;6.2;0.23;0.36;17.2;0.039;37.0;130.0;0.99946;3.23;0.43;8.8
1;11.6;0.32;0.55;2.8;0.081;35.0;67.0;1.0002;3.32;0.92;10.8
0;6.1;0.27;0.32;1.1;0.034;24.0;110.0;0.9898;3.36;0.4;12.5
0;6.7;0.44;0.31;1.9;0.03;41.0;104.0;0.99;3.29;0.62;12.6
1;7.5;0.65;0.18;7.0;0.088;27.0;94.0;0.99915;3.38;0.77;9.4
0;5.7;0.22;0.25;1.1;0.05;97.0;175.0;0.99099;3.44;0.62;11.1
0;5.8;0.23;0.31;3.5;0.044;35.0;158.0;0.98998;3.19;0.37;12.1
0;6.1;0.26;0.51;2.2;0.05;61.0;154.0;0.9929;3.08;0.6;9.8
0;6.4;0.23;0.26;8.1;0.054;47.0;181.0;0.9954;3.12;0.49;9.4
0;6.2;0.24;0.22;7.9;0.053;45.0;149.0;0.99545;3.23;0.52;9.3
0;6.7;0.23;0.26;1.4;0.06;33.0;154.0;0.9934;3.24;0.56;9.5
0;6.4;0.27;0.3;1.6;0.04;19.0;86.0;0.99089;3.32;0.65;11.5
0;5.5;0.12;0.33;1.0;0.038;23.0;131.0;0.99164;3.25;0.45;9.8
0;6.2;0.28;0.43;13.0;0.039;64.0;233.0;0.99745;3.08;0.38;8.9
0;6.2;0.21;0.18;11.6;0.044;61.0;155.0;0.99655;3.14;0.52;9.4
0;7.3;0.41;0.29;1.8;0.032;26.0;74.0;0.98889;2.96;0.35;13.0
1;7.6;0.51;0.15;2.8;0.11;33.0;73.0;0.9955;3.17;0.63;10.2
1;7.0;0.57;0.02;2.0;0.072;17.0;26.0;0.99575;3.36;0.61;10.2
0;6.8;0.19;0.23;5.1;0.034;71.0;204.0;0.9942;3.23;0.69;10.1
0;6.8;0.24;0.34;2.7;0.047;64.5;218.5;0.9934;3.3;0.58;9.7
0;8.0;0.23;0.37;9.6;0.054;23.0;159.0;0.99795;3.32;0.47;9.8
0;6.2;0.37;0.22;8.3;0.025;36.0;216.0;0.9964;3.33;0.6;9.6
1;7.8;0.52;0.25;1.9;0.081;14.0;38.0;0.9984;3.43;0.65;9.0
0;6.4;0.34;0.2;14.9;0.06;37.0;162.0;0.9983;3.13;0.45;9.0
0;6.7;0.19;0.39;1.0;0.032;14.0;71.0;0.98912;3.31;0.38;13.0
0;6.9;0.25;0.34;1.3;0.035;27.0;82.0;0.99045;3.18;0.44;12.2
0;7.6;0.52;0.49;14.0;0.034;37.0;156.0;0.9958;3.14;0.38;11.8
0;5.0;0.29;0.54;5.7;0.035;54.0;155.0;0.98976;3.27;0.34;12.9
0;8.2;0.28;0.42;1.8;0.031;30.0;93.0;0.9917;3.09;0.39;11.4
1;7.4;0.36;0.29;2.6;0.087;26.0;72.0;0.99645;3.39;0.68;11.0
0;7.2;0.18;0.41;1.2;0.048;41.0;97.0;0.9919;3.14;0.45;10.4
1;10.0;0.35;0.45;2.5;0.092;20.0;88.0;0.99918;3.15;0.43;9.4
1;8.9;0.38;0.4;2.2;0.068;12.0;28.0;0.99486;3.27;0.75;12.6
1;9.1;0.22;0.24;2.1;0.078;1.0;28.0;0.999;3.41;0.87;10.3
0;7.7;0.42;0.31;9.2;0.048;22.0;221.0;0.9969;3.06;0.61;9.2
0;6.2;0.24;0.35;1.2;0.038;22.0;167.0;0.9912;3.1;0.48;10.6
0;6.1;0.28;0.24;19.95;0.074;32.0;174.0;0.99922;3.19;0.44;9.3
0;6.6;0.19;0.99;1.2;0.122;45.0;129.0;0.9936;3.09;0.31;8.7
0;7.2;0.31;0.46;5.0;0.04;3.0;29.0;0.9906;3.04;0.53;12.5
0;7.6;0.21;0.6;2.1;0.046;47.0;165.0;0.9936;3.05;0.54;10.1
0;7.4;0.3;0.3;5.2;0.053;45.0;163.0;0.9941;3.12;0.45;10.3
0;9.9;1.005;0.46;1.4;0.046;34.0;185.0;0.9966;3.02;0.49;10.2
0;5.8;0.36;0.5;1.0;0.127;63.0;178.0;0.99212;3.1;0.45;9.7
0;7.2;0.33;0.28;1.4;0.034;26.0;109.0;0.99246;3.28;0.57;10.6
1;6.4;0.67;0.08;2.1;0.045;19.0;48.0;0.9949;3.49;0.49;11.4
0;5.7;0.22;0.28;1.3;0.027;26.0;101.0;0.98948;3.35;0.38;12.5
0;7.2;0.2;0.36;2.5;0.028;22.0;157.0;0.9938;3.48;0.49;10.6
0;7.1;0.35;0.24;15.4;0.055;46.0;198.0;0.9988;3.12;0.49;8.8
0;8.0;0.14;0.33;1.2;0.045;71.0;162.0;0.9914;3.07;0.47;11.0
0;7.0;0.32;0.29;4.9;0.036;41.0;150.0;0.99168;3.38;0.43;12.2
0;7.4;0.23;0.25;1.4;0.049;43.0;141.0;0.9934;3.42;0.54;10.2
0;6.9;0.23;0.41;8.0;0.03;30.0;114.0;0.99368;3.22;0.54;11.0
1;7.6;0.41;0.24;1.8;0.08;4.0;11.0;0.9962;3.28;0.59;9.5
1;7.3;0.65;0.0;1.2;0.065;15.0;21.0;0.9946;3.39;0.47;10.0
0;7.2;0.29;0.18;8.2;0.042;41.0;180.0;0.99644;3.16;0.49;9.1
0;5.8;0.32;0.2;2.6;0.027;17.0;123.0;0.98936;3.36;0.78;13.9
0;7.9;0.345;0.51;15.3;0.047;54.0;171.0;0.9987;3.09;0.51;9.1
0;5.9;0.29;0.16;7.9;0.044;48.0;197.0;0.99512;3.21;0.36;9.4
0;7.2;0.22;0.35;5.5;0.054;37.0;183.0;0.99474;3.08;0.5;10.3
0;6.5;0.3;0.28;11.45;0.041;29.0;109.0;0.99418;2.98;0.3;10.9
0;7.2;0.21;1.0;1.1;0.154;46.0;114.0;0.9931;2.95;0.43;9.2
0;8.0;0.43;0.4;12.4;0.168;29.0;190.0;0.9991;3.07;0.64;9.2
0;6.8;0.21;0.4;6.3;0.032;40.0;121.0;0.99214;3.18;0.53;12.0
0;6.3;0.6;0.44;11.0;0.05;50.0;245.0;0.9972;3.19;0.57;9.3
0;6.0;0.2;0.26;6.8;0.049;22.0;93.0;0.9928;3.15;0.42;11.0
0;7.6;0.28;0.49;20.15;0.06;30.0;145.0;1.00196;3.01;0.44;8.5
0;5.9;0.24;0.28;1.3;0.032;36.0;95.0;0.98889;3.08;0.64;12.9
0;7.7;0.39;0.34;10.0;0.056;35.0;178.0;0.9974;3.26;0.6;10.2
1;9.1;0.68;0.11;2.8;0.093;11.0;44.0;0.99888;3.31;0.55;9.5
0;6.6;0.21;0.38;2.2;0.026;40.0;104.0;0.9914;3.25;0.4;11.1
0;7.2;0.23;0.46;6.4;0.036;17.0;85.0;0.99279;3.1;0.78;11.7
0;6.7;0.51;0.24;2.1;0.043;14.0;155.0;0.9904;3.22;0.6;13.0
0;7.3;0.23;0.27;2.6;0.035;39.0;120.0;0.99138;3.04;0.59;11.3
0;6.7;0.19;0.23;6.2;0.047;36.0;117.0;0.9945;3.34;0.43;9.6
0;7.4;0.22;0.33;2.0;0.045;31.0;101.0;0.9931;3.42;0.55;11.4
0;6.4;0.22;0.32;7.9;0.029;34.0;124.0;0.9948;3.4;0.39;10.2
0;6.4;0.29;0.32;2.4;0.014;34.0;89.0;0.99008;3.24;0.66;12.5
0;7.3;0.27;0.3;1.3;0.04;26.0;84.0;0.99222;3.28;0.53;10.7
0;9.2;0.25;0.34;1.2;0.026;31.0;93.0;0.9916;2.93;0.37;11.3
1;8.5;0.18;0.51;1.75;0.071;45.0;88.0;0.99524;3.33;0.76;11.8
0;6.6;0.18;0.26;17.3;0.051;17.0;149.0;0.9984;3.0;0.43;9.4
0;5.8;0.31;0.32;4.5;0.024;28.0;94.0;0.98906;3.25;0.52;13.7
1;8.2;0.33;0.32;2.8;0.067;4.0;12.0;0.99473;3.3;0.76;12.8
0;7.6;0.19;0.32;18.75;0.047;32.0;193.0;1.00014;3.1;0.5;9.3
0;6.2;0.32;0.32;2.2;0.036;15.0;70.0;0.9899;3.16;0.48;12.7
0;6.5;0.29;0.52;7.9;0.049;35.0;192.0;0.99551;3.16;0.51;9.5
0;7.7;0.34;0.28;11.0;0.04;31.0;117.0;0.99815;3.27;0.29;9.2
0;6.6;0.16;0.36;1.1;0.031;27.0;93.0;0.98884;3.23;0.34;13.2
0;5.8;0.18;0.37;1.1;0.036;31.0;96.0;0.98942;3.16;0.48;12.0
1;10.0;0.41;0.45;6.2;0.071;6.0;14.0;0.99702;3.21;0.49;11.8
0;7.6;0.36;0.48;13.5;0.038;44.0;116.0;0.9982;3.04;0.48;9.2
0;6.6;0.22;0.23;17.3;0.047;37.0;118.0;0.99906;3.08;0.46;8.8
0;6.2;0.47;0.19;8.3;0.029;24.0;142.0;0.992;3.22;0.45;12.3
0;6.0;0.23;0.15;9.7;0.048;101.0;207.0;0.99571;3.05;0.3;9.1
1;7.5;0.755;0.0;1.9;0.084;6.0;12.0;0.99672;3.34;0.49;9.7
1;9.7;0.53;0.6;2.0;0.039;5.0;19.0;0.99585;3.3;0.86;12.4
1;8.0;0.43;0.36;2.3;0.075;10.0;48.0;0.9976;3.34;0.46;9.4
0;5.7;0.28;0.35;1.2;0.052;39.0;141.0;0.99108;3.44;0.69;11.3
1;5.9;0.44;0.0;1.6;0.042;3.0;11.0;0.9944;3.48;0.85;11.7
0;6.4;0.26;0.21;8.2;0.05;51.0;182.0;0.99542;3.23;0.48;9.5
0;9.4;0.26;0.53;1.2;0.047;25.0;109.0;0.9921;3.23;0.28;12.5
0;8.4;0.2;0.38;11.8;0.055;51.0;170.0;1.0004;3.34;0.82;8.9
1;7.1;0.875;0.05;5.7;0.082;3.0;14.0;0.99808;3.4;0.52;10.2
0;6.2;0.27;0.32;8.8;0.047;65.0;224.0;0.9961;3.17;0.47;8.9
0;6.3;0.16;0.22;1.3;0.046;18.0;66.0;0.99307;3.61;0.55;10.3
1;7.1;0.66;0.0;2.4;0.052;6.0;11.0;0.99318;3.35;0.66;12.7
0;7.7;0.26;0.4;1.1;0.042;9.0;60.0;0.9915;2.89;0.5;10.6
1;8.0;0.83;0.27;2.0;0.08;11.0;63.0;0.99652;3.29;0.48;9.8
0;6.5;0.26;0.32;16.5;0.045;44.0;166.0;1.0;3.38;0.46;9.5
1;6.8;0.56;0.03;1.7;0.084;18.0;35.0;0.9968;3.44;0.63;10.0
1;7.4;0.63;0.07;2.4;0.09;11.0;37.0;0.9979;3.43;0.76;9.7
0;6.6;0.28;0.09;10.9;0.051;37.0;131.0;0.99566;2.93;0.62;9.5
1;11.5;0.18;0.51;4.0;0.104;4.0;23.0;0.9996;3.28;0.97;10.1
0;6.2;0.36;0.22;5.25;0.038;44.0;145.0;0.99184;3.22;0.4;11.2
1;7.1;0.35;0.29;2.5;0.096;20.0;53.0;0.9962;3.42;0.65;11.0
0;9.2;0.22;0.4;2.4;0.054;18.0;151.0;0.9952;3.04;0.46;9.3
0;7.0;0.31;0.52;1.7;0.029;5.0;61.0;0.9918;3.07;0.43;10.4
0;5.8;0.31;0.31;7.5;0.052;55.0;230.0;0.9949;3.19;0.46;9.8
0;6.6;0.22;0.34;11.6;0.05;59.0;140.0;0.99526;3.22;0.4;10.8
0;6.0;0.34;0.66;15.9;0.046;26.0;164.0;0.9979;3.14;0.5;8.8
0;6.9;0.38;0.25;9.8;0.04;28.0;191.0;0.9971;3.28;0.61;9.2
0;7.0;0.12;0.28;6.3;0.057;17.0;103.0;0.9957;3.5;0.44;9.6
0;5.7;0.14;0.3;5.4;0.045;26.0;105.0;0.99469;3.32;0.45;9.3
1;7.9;0.29;0.49;2.2;0.096;21.0;59.0;0.99714;3.31;0.67;10.1
1;7.8;0.7;0.06;1.9;0.079;20.0;35.0;0.99628;3.4;0.69;10.9
1;11.0;0.26;0.68;2.55;0.085;10.0;25.0;0.997;3.18;0.61;11.8
0;5.6;0.34;0.25;2.5;0.046;47.0;182.0;0.99093;3.21;0.4;11.3
0;6.0;0.28;0.52;5.0;0.078;30.0;139.0;0.99494;3.1;0.36;9.0
1;8.7;0.46;0.31;2.5;0.126;24.0;64.0;0.99746;3.1;0.74;9.6
0;6.0;0.29;0.25;1.4;0.033;30.0;114.0;0.98794;3.08;0.43;13.2
0;7.3;0.23;0.41;14.6;0.048;73.0;223.0;0.99863;3.16;0.71;9.4
0;7.3;0.25;0.28;1.5;0.043;19.0;113.0;0.99338;3.38;0.56;10.1
0;6.9;0.23;0.34;4.0;0.047;24.0;128.0;0.9944;3.2;0.52;9.7
1;12.5;0.37;0.55;2.6;0.083;25.0;68.0;0.9995;3.15;0.82;10.4
0;6.2;0.255;0.24;1.7;0.039;138.5;272.0;0.99452;3.53;0.53;9.6
0;8.0;0.22;0.42;14.6;0.044;45.0;163.0;1.0003;3.21;0.69;8.6
0;7.9;0.29;0.36;11.1;0.033;43.0;208.0;0.9969;3.14;0.46;10.3
0;6.7;0.19;0.34;1.0;0.022;22.0;94.0;0.9912;3.23;0.57;11.1
0;6.6;0.27;0.33;1.4;0.042;24.0;183.0;0.99215;3.29;0.46;10.7
0;7.7;0.28;0.24;2.4;0.044;29.0;157.0;0.99312;3.27;0.56;10.6
1;12.9;0.35;0.49;5.8;0.066;5.0;35.0;1.0014;3.2;0.66;12.0
0;6.3;0.695;0.55;12.9;0.056;58.0;252.0;0.99806;3.29;0.49;8.7
0;6.6;0.31;0.37;6.2;0.052;13.0;164.0;0.99602;3.24;0.39;8.8
1;6.8;0.67;0.15;1.8;0.118;13.0;20.0;0.9954;3.42;0.67;11.3
0;6.1;0.34;0.31;12.0;0.053;46.0;238.0;0.9977;3.16;0.48;8.6
0;7.8;0.16;0.41;1.7;0.026;29.0;140.0;0.991;3.02;0.78;12.5
0;6.9;0.19;0.28;5.0;0.058;14.0;146.0;0.9952;3.29;0.36;9.1
0;6.9;0.25;0.24;3.6;0.057;13.0;85.0;0.9942;2.99;0.48;9.5
1;8.0;0.6;0.22;2.1;0.08;25.0;105.0;0.99613;3.3;0.49;9.9
0;6.0;0.19;0.29;1.1;0.047;67.0;152.0;0.9916;3.54;0.59;11.1
1;7.3;0.69;0.32;2.2;0.069;35.0;104.0;0.99632;3.33;0.51;9.5
0;7.9;0.37;0.31;2.85;0.037;5.0;24.0;0.9911;3.19;0.36;11.9
0;7.3;0.22;0.37;14.3;0.063;48.0;191.0;0.9978;2.89;0.38;9.0
0;6.0;0.38;0.26;3.5;0.035;38.0;111.0;0.98872;3.18;0.47;13.6
0;6.8;0.26;0.43;11.75;0.045;53.0;198.0;0.9969;3.26;0.55;9.5
1;7.3;0.67;0.05;3.6;0.107;6.0;20.0;0.9972;3.4;0.63;10.1
0;8.5;0.23;0.34;1.3;0.035;54.0;110.0;0.99176;3.07;0.55;11.0
0;6.5;0.23;0.25;17.3;0.046;15.0;110.0;0.99828;3.15;0.42;9.2
1;8.0;0.42;0.17;2.0;0.073;6.0;18.0;0.9972;3.29;0.61;9.2
0;8.9;0.32;0.49;1.6;0.05;17.0;131.0;0.9956;3.13;0.34;9.4
0;7.3;0.26;0.36;5.2;0.04;31.0;141.0;0.9931;3.16;0.59;11.0
0;5.7;0.25;0.21;1.5;0.044;21.0;108.0;0.99142;3.3;0.59;11.0
0;7.3;0.28;0.54;12.9;0.049;62.0;162.5;0.9984;3.06;0.45;9.1
0;7.0;0.15;0.28;14.7;0.051;29.0;149.0;0.99792;2.96;0.39;9.0
1;9.5;0.885;0.27;2.3;0.084;31.0;145.0;0.9978;3.24;0.53;9.4
0;6.1;0.16;0.37;1.1;0.031;37.0;97.0;0.9922;3.4;0.58;10.5
0;6.5;0.22;0.25;17.1;0.05;44.0;138.0;1.0001;3.3;0.37;8.8
1;9.8;0.51;0.19;3.2;0.081;8.0;30.0;0.9984;3.23;0.58;10.5
0;7.1;0.44;0.62;11.8;0.044;52.0;152.0;0.9975;3.12;0.46;8.7
0;6.8;0.23;0.32;1.6;0.026;43.0;147.0;0.9904;3.29;0.54;12.5
0;6.4;0.26;0.22;5.1;0.037;23.0;131.0;0.9944;3.29;0.32;10.1
1;7.1;0.68;0.0;2.3;0.087;17.0;26.0;0.99783;3.45;0.53;9.5
1;9.2;0.56;0.18;1.6;0.078;10.0;21.0;0.99576;3.15;0.49;9.9
1;10.3;0.44;0.5;4.5;0.107;5.0;13.0;0.998;3.28;0.83;11.5
0;8.0;0.22;0.31;5.6;0.049;24.0;97.0;0.993;3.1;0.42;10.9
0;6.6;0.33;0.32;15.6;0.054;62.0;227.0;0.99734;3.25;0.56;10.4
1;9.8;0.45;0.38;2.5;0.081;34.0;66.0;0.99726;3.15;0.58;9.8
0;6.8;0.18;0.28;8.5;0.047;52.0;242.0;0.9952;3.22;0.53;10.5
0;6.8;0.25;0.24;4.55;0.053;41.0;211.0;0.9955;3.37;0.67;9.5
1;6.4;0.47;0.4;2.4;0.071;8.0;19.0;0.9963;3.56;0.73;10.6
0;5.4;0.29;0.38;1.2;0.029;31.0;132.0;0.98895;3.28;0.36;12.4
1;6.8;0.91;0.06;2.0;0.06;4.0;11.0;0.99592;3.53;0.64;10.9
1;8.8;0.61;0.19;4.0;0.094;30.0;69.0;0.99787;3.22;0.5;10.0
1;6.8;0.64;0.1;2.1;0.085;18.0;101.0;0.9956;3.34;0.52;10.2
1;7.8;0.645;0.0;2.0;0.082;8.0;16.0;0.9964;3.38;0.59;9.8
0;6.2;0.33;0.14;4.8;0.052;27.0;128.0;0.99475;3.21;0.48;9.4
0;5.7;0.22;0.2;16.0;0.044;41.0;113.0;0.99862;3.22;0.46;8.9
1;11.1;0.44;0.42;2.2;0.064;14.0;19.0;0.99758;3.25;0.57;10.4
0;7.5;0.23;0.3;1.2;0.03;27.0;80.0;0.99192;3.05;0.68;10.5
1;8.4;0.34;0.42;2.1;0.072;23.0;36.0;0.99392;3.11;0.78;12.4
0;6.2;0.35;0.04;1.2;0.06;23.0;108.0;0.9934;3.26;0.54;9.2
0;7.0;0.57;0.1;8.3;0.094;23.0;188.0;0.9972;3.4;0.47;9.2
0;7.4;0.44;0.2;11.5;0.049;44.0;157.0;0.998;3.27;0.44;9.0
0;5.6;0.2;0.36;2.5;0.048;16.0;125.0;0.99282;3.49;0.49;10.0
0;6.2;0.25;0.25;1.4;0.03;35.0;105.0;0.9912;3.3;0.44;11.1
0;5.6;0.35;0.14;5.0;0.046;48.0;198.0;0.9937;3.3;0.71;10.3
0;6.4;0.25;0.33;1.4;0.04;42.0;115.0;0.9906;3.19;0.48;11.3
1;7.5;0.52;0.16;1.9;0.085;12.0;35.0;0.9968;3.38;0.62;9.5
0;7.2;0.19;0.31;6.3;0.034;17.0;103.0;0.99305;3.15;0.52;11.4
1;7.4;0.58;0.0;2.0;0.064;7.0;11.0;0.99562;3.45;0.58;11.3
0;8.2;0.37;0.27;1.7;0.028;10.0;59.0;0.9923;2.97;0.48;10.4
0;6.0;0.23;0.34;1.3;0.025;23.0;111.0;0.98961;3.36;0.37;12.7
0;7.4;0.19;0.31;14.5;0.045;39.0;193.0;0.9986;3.1;0.5;9.2
0;7.1;0.36;0.37;4.8;0.019;39.0;114.0;0.99036;3.08;0.49;12.7
0;6.9;0.26;0.27;4.2;0.031;20.0;80.0;0.99089;3.12;0.39;11.5
0;9.8;0.36;0.46;10.5;0.038;4.0;83.0;0.9956;2.89;0.3;10.1
1;7.2;0.695;0.13;2.0;0.076;12.0;20.0;0.99546;3.29;0.54;10.1
0;7.3;0.17;0.36;8.2;0.028;44.0;111.0;0.99272;3.14;0.41;12.4
0;7.0;0.2;0.33;4.7;0.03;25.0;76.0;0.99202;2.88;0.54;10.5
0;5.8;0.13;0.26;5.1;0.039;19.0;103.0;0.99478;3.36;0.47;9.3
1;7.8;0.54;0.26;2.0;0.088;23.0;48.0;0.9981;3.41;0.74;9.2
0;6.6;0.23;0.3;4.6;0.06;29.0;154.0;0.99142;3.23;0.49;12.2
0;5.9;0.415;0.13;1.4;0.04;11.0;64.0;0.9922;3.29;0.52;10.5
0;5.4;0.31;0.47;3.0;0.053;46.0;144.0;0.9931;3.29;0.76;10.0
1;9.2;0.755;0.18;2.2;0.148;10.0;103.0;0.9969;2.87;1.36;10.2
0;5.8;0.28;0.66;9.1;0.039;26.0;159.0;0.9965;3.66;0.55;10.8
1;11.6;0.47;0.44;1.6;0.147;36.0;51.0;0.99836;3.38;0.86;9.9
0;6.2;0.34;0.29;7.6;0.047;45.0;232.0;0.9955;3.35;0.62;10.0
0;6.2;0.2;0.25;15.0;0.055;8.0;120.0;0.99767;3.19;0.53;9.6
0;7.6;0.26;0.47;1.6;0.068;5.0;55.0;0.9944;3.1;0.45;9.6
0;6.0;0.19;0.29;1.2;0.046;29.0;92.0;0.99033;3.22;0.53;11.3
0;8.2;0.23;0.4;1.2;0.027;36.0;121.0;0.992;3.12;0.38;10.7
0;7.4;0.4;0.29;5.4;0.044;31.0;122.0;0.994;3.3;0.5;11.1
0;7.8;0.3;0.74;1.8;0.033;33.0;156.0;0.991;3.29;0.52;12.8
0;7.0;0.32;0.24;6.2;0.048;31.0;228.0;0.9957;3.23;0.62;9.4
1;7.4;0.53;0.26;2.0;0.101;16.0;72.0;0.9957;3.15;0.57;9.4
1;8.0;0.64;0.22;2.4;0.094;5.0;33.0;0.99612;3.37;0.58;11.0
0;6.5;0.46;0.41;16.8;0.084;59.0;222.0;0.9993;3.18;0.58;9.0
1;9.4;0.34;0.37;2.2;0.075;5.0;13.0;0.998;3.22;0.62;9.2
0;7.0;0.28;0.32;1.7;0.038;27.0;128.0;0.99375;3.2;0.62;10.2
0;7.1;0.47;0.24;6.0;0.044;11.0;77.0;0.9956;3.21;0.56;9.7
0;6.3;0.27;0.37;7.9;0.047;58.0;215.0;0.99542;3.19;0.48;9.5
1;7.4;0.49;0.19;3.0;0.077;16.0;37.0;0.9966;3.37;0.51;10.5
1;12.6;0.41;0.54;2.8;0.103;19.0;41.0;0.99939;3.21;0.76;11.3
0;6.4;0.24;0.29;1.0;0.038;18.0;122.0;0.9906;3.3;0.42;11.5
0;5.5;0.14;0.27;4.6;0.029;22.0;104.0;0.9949;3.34;0.44;9.0
0;6.5;0.51;0.25;1.7;0.048;39.0;177.0;0.99212;3.28;0.57;10.6
0;5.6;0.695;0.06;6.8;0.042;9.0;84.0;0.99432;3.44;0.44;10.2
0;7.0;0.24;0.3;4.2;0.04;41.0;213.0;0.9927;3.28;0.49;11.8
0;7.0;0.24;0.3;6.7;0.039;37.0;125.0;0.99436;3.2;0.39;9.9
0;8.2;0.42;0.29;4.1;0.03;31.0;100.0;0.9911;3.0;0.32;12.8
0;6.0;0.32;0.12;5.9;0.041;34.0;190.0;0.9944;3.16;0.72;10.0
0;7.2;0.27;0.28;15.2;0.046;6.0;41.0;0.99665;3.17;0.39;10.9
0;7.7;0.28;0.33;6.7;0.037;32.0;155.0;0.9951;3.39;0.62;10.7
0;6.4;0.22;0.38;9.1;0.044;35.0;127.0;0.99326;2.97;0.3;11.0
1;11.4;0.26;0.44;3.6;0.071;6.0;19.0;0.9986;3.12;0.82;9.3
0;6.4;0.26;0.21;7.1;0.04;35.0;162.0;0.9956;3.39;0.58;9.9
1;10.4;0.34;0.58;3.7;0.174;6.0;16.0;0.997;3.19;0.7;11.3
0;6.3;0.32;0.26;12.3;0.044;24.0;205.0;0.99611;3.11;0.58;9.9
0;7.1;0.32;0.29;4.0;0.038;33.0;170.0;0.99463;3.27;0.64;10.2
0;7.5;0.21;0.68;10.9;0.045;38.0;133.0;0.9978;3.0;0.36;8.7
0;7.2;0.14;0.35;1.2;0.036;15.0;73.0;0.9938;3.46;0.39;9.9
0;7.1;0.18;0.74;15.6;0.044;44.0;176.0;0.9996;3.38;0.67;9.0
0;7.9;0.18;0.49;5.2;0.051;36.0;157.0;0.9953;3.18;0.48;10.6
1;7.5;0.52;0.42;2.3;0.087;8.0;38.0;0.9972;3.58;0.61;10.5
0;6.3;0.41;0.22;7.3;0.035;23.0;117.0;0.99172;3.2;0.39;11.94
0;9.2;0.28;0.49;11.8;0.042;29.0;137.0;0.998;3.1;0.34;10.1
0;6.6;0.52;0.44;12.2;0.048;54.0;245.0;0.9975;3.26;0.54;9.3
0;6.2;0.23;0.23;1.2;0.018;18.0;128.0;0.99178;3.05;0.28;10.6
0;7.3;0.26;0.31;1.6;0.04;39.0;173.0;0.9918;3.19;0.51;11.4
0;6.6;0.21;0.3;9.9;0.041;64.0;174.0;0.995;3.07;0.5;10.1
1;7.7;0.61;0.18;2.4;0.083;6.0;20.0;0.9963;3.29;0.6;10.2
1;7.4;0.635;0.1;2.4;0.08;16.0;33.0;0.99736;3.58;0.69;10.8
0;5.8;0.29;0.15;1.1;0.029;12.0;83.0;0.9898;3.3;0.4;11.4
0;8.3;0.49;0.23;6.65;0.034;6.0;158.0;0.99344;3.05;0.48;11.2
0;7.2;0.24;0.27;11.4;0.034;40.0;174.0;0.99773;3.2;0.44;9.0
0;6.8;0.32;0.39;9.6;0.026;34.0;124.0;0.99286;3.18;0.35;12.1
1;11.2;0.4;0.5;2.0;0.099;19.0;50.0;0.99783;3.1;0.58;10.4
0;7.1;0.22;0.33;2.8;0.033;48.0;153.0;0.9899;3.15;0.38;12.7
0;7.0;0.17;0.36;6.4;0.055;42.0;123.0;0.99318;3.11;0.5;11.0
0;6.4;0.1;0.35;4.9;0.048;31.0;103.0;0.9947;3.43;0.79;9.7
0;6.0;0.28;0.22;12.15;0.048;42.0;163.0;0.9957;3.2;0.46;10.1
0;5.8;0.2;0.3;1.5;0.031;21.0;57.0;0.99115;3.44;0.55;11.0
0;7.6;0.32;0.35;1.6;0.092;24.0;138.0;0.99438;3.19;0.44;9.8
0;6.6;0.42;0.33;2.8;0.034;15.0;85.0;0.99;3.28;0.51;13.4
1;11.7;0.45;0.63;2.2;0.073;7.0;23.0;0.99974;3.21;0.69;10.9
0;6.8;0.25;0.38;8.1;0.046;24.0;155.0;0.9956;3.33;0.59;10.2
1;7.8;0.6;0.26;2.0;0.08;31.0;131.0;0.99622;3.21;0.52;9.9
0;8.0;0.42;0.36;5.0;0.037;34.0;101.0;0.992;3.13;0.57;12.3
0;7.7;0.24;0.29;15.3;0.044;39.0;194.0;0.9982;3.06;0.47;9.6
0;7.1;0.2;0.27;9.6;0.037;19.0;105.0;0.99444;3.04;0.37;10.5
0;6.8;0.28;0.29;11.9;0.052;51.0;149.0;0.99544;3.02;0.58;10.4
1;9.6;0.77;0.12;2.9;0.082;30.0;74.0;0.99865;3.3;0.64;10.4
1;7.2;0.415;0.36;2.0;0.081;13.0;45.0;0.9972;3.48;0.64;9.2
1;7.9;0.18;0.4;1.8;0.062;7.0;20.0;0.9941;3.28;0.7;11.1
1;8.8;0.955;0.05;1.8;0.075;5.0;19.0;0.99616;3.3;0.44;9.6
0;5.9;0.65;0.23;5.0;0.035;20.0;128.0;0.99016;3.46;0.48;12.8
0;7.5;0.24;0.49;9.4;0.048;50.0;149.0;0.9962;3.17;0.59;10.5
0;6.9;0.37;0.23;9.5;0.057;54.0;166.0;0.99568;3.23;0.42;10.0
0;6.6;0.32;0.33;2.5;0.052;40.0;219.5;0.99316;3.15;0.6;10.0
0;6.1;0.37;0.2;7.6;0.031;49.0;170.0;0.99558;3.22;0.48;9.5
0;7.2;0.26;0.74;13.6;0.05;56.0;162.0;0.998;3.03;0.44;8.8
0;7.5;0.33;0.39;12.4;0.065;29.0;119.0;0.9974;3.16;0.39;9.4
0;7.5;0.24;0.62;10.6;0.045;51.0;153.0;0.99779;3.16;0.44;8.8
0;6.0;0.23;0.34;1.3;0.025;23.0;111.0;0.98961;3.36;0.37;12.7
1;7.0;0.54;0.0;2.1;0.079;39.0;55.0;0.9956;3.39;0.84;11.4
1;9.9;0.63;0.24;2.4;0.077;6.0;33.0;0.9974;3.09;0.57;9.4
1;7.2;0.6;0.04;2.5;0.076;18.0;88.0;0.99745;3.53;0.55;9.5
0;7.5;0.35;0.37;2.5;0.066;29.0;89.0;0.98964;3.14;0.42;12.7
0;6.8;0.23;0.29;12.2;0.035;38.0;236.0;0.9976;3.35;0.52;9.8
0;6.0;0.29;0.2;12.6;0.045;45.0;187.0;0.9972;3.33;0.42;9.5
0;7.2;0.14;0.32;1.1;0.022;48.0;116.0;0.99218;3.04;0.67;10.0
0;6.6;0.29;0.39;6.75;0.031;22.0;98.0;0.9913;3.15;0.8;12.9
0;7.8;0.18;0.31;12.2;0.053;46.0;140.0;0.998;3.06;0.53;8.9
1;6.6;0.5;0.0;1.8;0.062;21.0;28.0;0.99352;3.44;0.55;12.3
0;7.3;0.34;0.3;9.4;0.057;34.0;178.0;0.99554;3.15;0.44;10.4
0;7.2;0.22;0.24;1.4;0.041;17.0;159.0;0.99196;3.25;0.53;11.2
0;8.2;0.61;0.45;5.4;0.03;15.0;118.0;0.9954;3.14;0.34;9.6
1;7.1;0.62;0.06;1.3;0.07;5.0;12.0;0.9942;3.17;0.48;9.8
0;7.9;0.2;0.34;1.2;0.04;29.0;118.0;0.9932;3.14;0.41;10.6
0;7.7;0.24;0.31;1.3;0.047;33.0;106.0;0.993;3.22;0.55;10.8
1;7.8;0.57;0.09;2.3;0.065;34.0;45.0;0.99417;3.46;0.74;12.7
1;7.2;0.39;0.32;1.8;0.065;34.0;60.0;0.99714;3.46;0.78;9.9
0;7.5;0.29;0.31;8.95;0.055;20.0;151.0;0.9968;3.08;0.54;9.3
0;6.7;0.3;0.49;4.8;0.034;36.0;158.0;0.9945;3.12;0.45;9.9
0;6.9;0.25;0.33;1.2;0.035;35.0;158.0;0.99082;3.02;0.58;11.3
0;6.0;0.22;0.33;12.2;0.033;25.0;97.0;0.99356;3.17;0.42;11.3
0;7.4;0.29;0.28;10.2;0.032;43.0;138.0;0.9951;3.1;0.47;10.6
0;7.5;0.29;0.67;8.1;0.037;53.0;166.0;0.9966;2.9;0.41;8.9
1;7.4;1.185;0.0;4.25;0.097;5.0;14.0;0.9966;3.63;0.54;10.7
1;13.5;0.53;0.79;4.8;0.12;23.0;77.0;1.0018;3.18;0.77;13.0
0;6.6;0.37;0.07;1.4;0.048;58.0;144.0;0.9922;3.17;0.38;10.0
1;8.2;0.6;0.17;2.3;0.072;11.0;73.0;0.9963;3.2;0.45;9.3
1;7.7;0.54;0.26;1.9;0.089;23.0;147.0;0.99636;3.26;0.59;9.7
0;7.1;0.3;0.36;6.8;0.055;44.5;234.0;0.9972;3.49;0.64;10.2
1;8.6;0.63;0.17;2.9;0.099;21.0;119.0;0.998;3.09;0.52;9.3
0;6.4;0.22;0.34;1.8;0.057;29.0;104.0;0.9959;3.81;0.57;10.3
0;6.2;0.32;0.12;4.8;0.054;6.0;97.0;0.99424;3.16;0.5;9.3
0;6.4;0.34;0.23;6.3;0.039;37.0;143.0;0.9944;3.19;0.65;10.0
0;7.2;0.24;0.24;1.7;0.045;18.0;161.0;0.99196;3.25;0.53;11.2
0;6.8;0.28;0.35;2.3;0.042;16.0;85.0;0.9906;3.19;0.56;12.4
0;6.4;0.24;0.29;11.4;0.051;32.0;166.0;0.9968;3.31;0.45;9.5
0;6.7;0.31;0.32;14.5;0.038;6.0;79.0;0.99412;3.14;0.34;12.5
1;6.7;0.75;0.12;2.0;0.086;12.0;80.0;0.9958;3.38;0.52;10.1
0;6.5;0.29;0.52;7.9;0.049;35.0;192.0;0.99551;3.16;0.51;9.5
0;7.6;0.31;0.23;12.7;0.054;20.0;139.0;0.99836;3.16;0.5;9.7
0;5.9;0.34;0.22;2.4;0.03;19.0;135.0;0.9894;3.41;0.78;13.9
0;7.2;0.17;0.28;17.55;0.05;33.0;154.0;0.99971;2.94;0.43;9.0
0;6.4;0.4;0.19;3.2;0.033;28.0;124.0;0.9904;3.22;0.54;12.7
1;9.4;0.4;0.31;2.2;0.09;13.0;62.0;0.9966;3.07;0.63;10.5
0;7.4;0.23;0.38;8.6;0.052;41.0;150.0;0.99534;3.06;0.46;10.3
0;5.7;0.15;0.28;3.7;0.045;57.0;151.0;0.9913;3.22;0.27;11.2
1;8.3;0.31;0.39;2.4;0.078;17.0;43.0;0.99444;3.31;0.77;12.5
0;7.6;0.4;0.27;5.2;0.03;32.0;101.0;0.99172;3.22;0.62;12.3
0;6.5;0.36;0.31;13.55;0.053;20.0;113.0;0.99544;3.2;0.56;11.0
0;6.4;0.34;0.44;8.2;0.043;54.0;201.0;0.99551;3.18;0.48;9.5
1;5.9;0.61;0.08;2.1;0.071;16.0;24.0;0.99376;3.56;0.77;11.1
1;8.8;0.6;0.29;2.2;0.098;5.0;15.0;0.9988;3.36;0.49;9.1
0;6.2;0.66;0.48;1.2;0.029;29.0;75.0;0.9892;3.33;0.39;12.8
0;6.9;0.28;0.41;1.4;0.016;6.0;55.0;0.98876;3.16;0.4;13.4
0;6.4;0.28;0.44;7.1;0.048;49.0;179.0;0.99528;3.15;0.48;9.2
0;6.5;0.22;0.19;1.1;0.064;36.0;191.0;0.99297;3.05;0.5;9.5
1;7.5;0.5;0.36;6.1;0.071;17.0;102.0;0.9978;3.35;0.8;10.5
0;6.2;0.3;0.26;13.4;0.046;57.0;206.0;0.99775;3.17;0.43;9.5
0;6.6;0.32;0.22;16.7;0.046;38.0;133.0;0.9979;3.22;0.67;10.4
0;6.5;0.29;0.32;3.0;0.036;38.0;93.0;0.9906;3.16;0.59;12.0
1;8.2;0.5;0.35;2.9;0.077;21.0;127.0;0.9976;3.23;0.62;9.4
0;7.6;0.2;0.36;1.9;0.043;24.0;111.0;0.99237;3.29;0.54;11.3
0;5.3;0.36;0.27;6.3;0.028;40.0;132.0;0.99186;3.37;0.4;11.6
0;7.3;0.23;0.37;1.9;0.041;51.0;165.0;0.9908;3.26;0.4;12.2
1;8.0;0.28;0.44;1.8;0.081;28.0;68.0;0.99501;3.36;0.66;11.2
0;6.2;0.22;0.28;2.2;0.04;24.0;125.0;0.9917;3.19;0.48;10.5
0;8.0;0.2;0.3;8.1;0.037;42.0;130.0;0.99379;3.1;0.67;11.8
0;6.3;0.37;0.28;6.3;0.034;45.0;152.0;0.9921;3.29;0.46;11.6
0;7.1;0.44;0.23;5.8;0.035;24.0;100.0;0.99062;3.15;0.57;13.2
1;8.2;0.38;0.32;2.5;0.08;24.0;71.0;0.99624;3.27;0.85;11.0
1;5.2;0.32;0.25;1.8;0.103;13.0;50.0;0.9957;3.38;0.55;9.2
0;7.1;0.38;0.42;11.8;0.041;32.0;193.0;0.99624;3.04;0.49;10.0
1;5.3;0.57;0.01;1.7;0.054;5.0;27.0;0.9934;3.57;0.84;12.5
0;6.9;0.28;0.28;12.2;0.042;52.0;139.0;0.99522;3.03;0.56;10.4
0;6.5;0.22;0.72;6.8;0.042;33.0;168.0;0.9958;3.12;0.36;9.2
0;6.5;0.15;0.44;12.6;0.052;65.0;158.0;0.99688;3.26;0.7;10.3
0;5.2;0.25;0.23;1.4;0.047;20.0;77.0;0.99001;3.32;0.62;11.4
0;6.9;0.31;0.32;1.6;0.036;34.0;114.0;0.99068;3.19;0.45;11.4
0;6.0;0.26;0.29;3.1;0.041;37.0;144.0;0.98944;3.22;0.39;12.8
1;8.8;0.64;0.17;2.9;0.084;25.0;130.0;0.99818;3.23;0.54;9.6
1;8.8;0.3;0.38;2.3;0.06;19.0;72.0;0.99543;3.39;0.72;11.8
0;5.6;0.255;0.57;10.7;0.056;66.0;171.0;0.99464;3.25;0.61;10.4
0;6.7;0.28;0.42;3.5;0.035;43.0;105.0;0.99021;3.18;0.38;12.2
1;9.9;0.32;0.56;2.0;0.073;3.0;8.0;0.99534;3.15;0.73;11.4
0;7.5;0.27;0.36;7.0;0.036;45.0;164.0;0.9939;3.03;0.33;11.0
0;6.7;0.33;0.36;6.6;0.042;34.0;116.0;0.99123;2.97;0.31;12.2
0;6.4;0.14;0.31;1.2;0.034;53.0;138.0;0.99084;3.38;0.35;11.5
1;8.5;0.44;0.5;1.9;0.369;15.0;38.0;0.99634;3.01;1.1;9.4
0;6.4;0.3;0.3;2.25;0.038;8.0;210.0;0.9937;3.2;0.62;9.9
0;6.2;0.18;0.38;1.5;0.028;36.0;117.0;0.993;3.47;0.54;9.7
0;8.1;0.12;0.49;1.2;0.042;43.0;160.0;0.9934;3.13;0.48;9.7
1;8.0;0.705;0.05;1.9;0.074;8.0;19.0;0.9962;3.34;0.95;10.5
0;6.0;0.25;0.28;2.2;0.026;54.0;126.0;0.9898;3.43;0.65;12.9
1;10.2;0.24;0.49;2.4;0.075;10.0;28.0;0.9978;3.14;0.61;10.4
1;7.0;0.5;0.25;2.0;0.07;3.0;22.0;0.9963;3.25;0.63;9.2
0;7.4;0.19;0.42;6.4;0.067;39.0;212.0;0.9958;3.3;0.33;9.6
1;11.5;0.3;0.6;2.0;0.067;12.0;27.0;0.9981;3.11;0.97;10.1
0;6.8;0.17;0.34;2.0;0.04;38.0;111.0;0.99;3.24;0.45;12.9
0;5.1;0.14;0.25;0.7;0.039;15.0;89.0;0.9919;3.22;0.43;9.2
0;8.3;0.4;0.38;1.1;0.038;15.0;75.0;0.9934;3.03;0.43;9.2
0;5.7;0.25;0.26;12.5;0.049;52.5;120.0;0.99691;3.08;0.45;9.4
1;7.2;0.695;0.13;2.0;0.076;12.0;20.0;0.99546;3.29;0.54;10.1
0;6.3;0.26;0.29;2.2;0.043;35.0;175.0;0.9918;3.38;0.43;11.6
1;8.1;0.87;0.0;2.2;0.084;10.0;31.0;0.99656;3.25;0.5;9.8
0;6.7;0.25;0.23;7.2;0.038;61.0;220.0;0.9952;3.14;0.35;9.5
0;7.0;0.21;0.28;8.6;0.045;37.0;221.0;0.9954;3.25;0.54;10.4
1;7.5;0.63;0.12;5.1;0.111;50.0;110.0;0.9983;3.26;0.77;9.4
0;5.4;0.53;0.16;2.7;0.036;34.0;128.0;0.98856;3.2;0.53;13.2
0;6.8;0.26;0.46;8.3;0.037;49.0;173.0;0.99601;3.17;0.47;9.3
0;6.3;0.23;0.5;10.4;0.043;61.0;132.0;0.99542;2.86;0.46;9.1
0;6.3;0.23;0.3;1.8;0.033;16.0;91.0;0.9906;3.28;0.4;11.8
0;6.5;0.33;0.3;3.8;0.036;34.0;88.0;0.99028;3.25;0.63;12.5
0;5.7;0.26;0.24;17.8;0.059;23.0;124.0;0.99773;3.3;0.5;10.1
0;6.9;0.24;0.39;1.3;0.063;18.0;136.0;0.9928;3.31;0.48;10.4
0;8.6;0.18;0.4;1.1;0.04;20.0;107.0;0.9923;2.94;0.32;10.2
0;6.0;0.34;0.29;6.1;0.046;29.0;134.0;0.99462;3.48;0.57;10.7
0;5.9;0.34;0.31;2.0;0.03;38.0;142.0;0.98892;3.4;0.41;12.9
0;5.8;0.19;0.25;10.8;0.042;33.0;124.0;0.99646;3.22;0.41;9.2
1;7.4;0.6;0.26;2.1;0.083;17.0;91.0;0.99616;3.29;0.56;9.8
0;8.4;0.22;0.3;8.9;0.024;17.0;118.0;0.99456;2.99;0.34;10.5
0;7.8;0.27;0.28;1.8;0.05;21.0;127.0;0.9934;3.15;0.44;9.9
1;11.5;0.59;0.59;2.6;0.087;13.0;49.0;0.9988;3.18;0.65;11.0
0;8.1;0.26;0.33;11.1;0.052;52.5;158.0;0.9976;3.03;0.49;10.2
0;5.4;0.185;0.19;7.1;0.048;36.0;110.0;0.99438;3.26;0.41;9.5
0;7.0;0.14;0.41;0.9;0.037;22.0;95.0;0.9914;3.25;0.43;10.9
0;7.0;0.26;0.34;10.9;0.038;25.0;84.0;0.99432;3.11;0.34;10.9
0;6.0;0.2;0.26;6.8;0.049;22.0;93.0;0.9928;3.15;0.42;11.0
0;6.3;0.26;0.49;1.5;0.052;34.0;134.0;0.9924;2.99;0.61;9.8
0;5.9;0.18;0.29;4.6;0.032;68.0;137.0;0.99159;3.21;0.38;11.3
0;3.9;0.225;0.4;4.2;0.03;29.0;118.0;0.989;3.57;0.36;12.8
0;6.9;0.17;0.3;2.0;0.047;13.0;117.0;0.99152;3.16;0.51;11.6
1;8.6;0.685;0.1;1.6;0.092;3.0;12.0;0.99745;3.31;0.65;9.55
1;8.8;0.52;0.34;2.7;0.087;24.0;122.0;0.9982;3.26;0.61;9.5
0;5.9;0.4;0.32;6.0;0.034;50.0;127.0;0.992;3.51;0.58;12.5
0;6.8;0.23;0.29;15.4;0.073;56.0;173.0;0.9984;3.06;0.41;8.7
1;7.8;0.815;0.01;2.6;0.074;48.0;90.0;0.99621;3.38;0.62;10.8
0;7.4;0.25;0.36;13.2;0.067;53.0;178.0;0.9976;3.01;0.48;9.0
0;6.2;0.26;0.2;8.0;0.047;35.0;111.0;0.99445;3.11;0.42;10.4
0;6.9;0.115;0.35;5.4;0.048;36.0;108.0;0.9939;3.32;0.42;10.2
1;7.3;0.45;0.36;5.9;0.074;12.0;87.0;0.9978;3.33;0.83;10.5
1;9.0;0.82;0.14;2.6;0.089;9.0;23.0;0.9984;3.39;0.63;9.8
1;7.5;0.58;0.56;3.1;0.153;5.0;14.0;0.99476;3.21;1.03;11.6
0;7.8;0.27;0.35;1.2;0.05;36.0;140.0;0.99138;3.09;0.45;11.2
0;5.2;0.31;0.36;5.1;0.031;46.0;145.0;0.9897;3.14;0.31;12.4
0;5.4;0.3;0.3;1.2;0.029;25.0;93.0;0.98742;3.31;0.4;13.6
0;7.2;0.47;0.16;5.9;0.048;14.0;125.0;0.99428;3.09;0.49;9.8
0;7.2;0.4;0.49;1.1;0.048;11.0;138.0;0.9929;3.01;0.42;9.3
0;6.5;0.22;0.29;7.4;0.028;16.0;87.0;0.99311;3.15;0.56;10.9
0;8.3;0.36;0.57;15.0;0.052;35.0;256.0;1.0001;2.93;0.64;8.6
0;6.2;0.35;0.31;2.6;0.036;37.0;92.0;0.98938;3.27;0.53;12.8
0;5.4;0.18;0.24;4.8;0.041;30.0;113.0;0.99445;3.42;0.4;9.4
0;6.5;0.27;0.19;6.6;0.045;98.0;175.0;0.99364;3.16;0.34;10.1
0;7.2;0.31;0.41;8.6;0.053;15.0;89.0;0.9976;3.29;0.64;9.9
0;7.0;0.13;0.37;12.85;0.042;36.0;105.0;0.99581;3.05;0.55;10.7
0;8.2;0.26;0.44;1.3;0.046;7.0;69.0;0.9944;3.14;0.62;10.2
0;6.8;0.23;0.42;7.4;0.044;56.0;189.0;0.9958;3.22;0.48;9.3
0;6.4;0.29;0.3;6.5;0.209;62.0;156.0;0.99478;3.1;0.4;9.4
0;5.8;0.3;0.09;6.3;0.042;36.0;138.0;0.99382;3.15;0.48;9.7
0;5.8;0.29;0.05;0.8;0.038;11.0;30.0;0.9924;3.36;0.35;9.2
0;6.6;0.32;0.26;4.6;0.031;26.0;120.0;0.99198;3.4;0.73;12.5
0;6.9;0.18;0.38;8.1;0.049;44.0;176.0;0.9958;3.3;0.54;9.8
1;7.8;0.55;0.0;1.7;0.07;7.0;17.0;0.99659;3.26;0.64;9.4
0;6.9;0.54;0.32;13.2;0.05;53.0;236.0;0.9973;3.2;0.5;9.6
1;8.0;0.71;0.0;2.6;0.08;11.0;34.0;0.9976;3.44;0.53;9.5
0;7.4;0.25;0.49;1.1;0.042;35.0;156.0;0.9917;3.13;0.55;11.3
0;8.3;0.28;0.45;7.8;0.059;32.0;139.0;0.9972;3.33;0.77;11.2
0;7.5;0.19;0.49;1.8;0.055;19.0;110.0;0.9946;3.33;0.44;9.9
0;7.0;0.35;0.31;1.8;0.069;15.0;162.0;0.9944;3.18;0.47;9.4
0;8.5;0.24;0.39;10.4;0.044;20.0;142.0;0.9974;3.2;0.53;10.0
0;6.5;0.425;0.4;13.1;0.038;59.0;241.0;0.9979;3.23;0.57;9.0
1;5.4;0.58;0.08;1.9;0.059;20.0;31.0;0.99484;3.5;0.64;10.2
0;7.4;0.21;0.27;1.2;0.041;27.0;99.0;0.9927;3.19;0.33;9.8
0;7.6;0.31;0.23;12.7;0.054;20.0;139.0;0.99836;3.16;0.5;9.7
0;6.0;0.33;0.2;1.8;0.031;49.0;159.0;0.9919;3.41;0.53;11.0
0;7.4;0.18;0.36;13.1;0.056;72.0;163.0;1.0;3.42;0.35;9.1
1;7.1;0.46;0.14;2.8;0.076;15.0;37.0;0.99624;3.36;0.49;10.7
1;10.7;0.67;0.22;2.7;0.107;17.0;34.0;1.0004;3.28;0.98;9.9
0;6.4;0.35;0.51;7.8;0.055;53.0;177.0;0.99502;3.12;0.45;9.6
0;5.6;0.33;0.28;1.2;0.031;33.0;97.0;0.99126;3.49;0.58;10.9
0;5.8;0.27;0.2;14.95;0.044;22.0;179.0;0.9962;3.37;0.37;10.2
0;5.9;0.15;0.31;5.8;0.041;53.0;155.0;0.9945;3.52;0.46;10.5
0;8.5;0.17;0.49;8.8;0.048;23.0;108.0;0.9947;2.88;0.34;10.5
0;6.6;0.24;0.28;1.8;0.028;39.0;132.0;0.99182;3.34;0.46;11.4
0;6.9;0.19;0.28;3.0;0.054;33.0;99.0;0.9924;3.16;0.4;10.8
1;7.0;0.43;0.02;1.9;0.08;15.0;28.0;0.99492;3.35;0.81;10.6
0;5.8;0.3;0.42;1.1;0.036;19.0;113.0;0.98871;3.1;0.46;12.6
0;5.6;0.19;0.27;0.9;0.04;52.0;103.0;0.99026;3.5;0.39;11.2
0;5.3;0.2;0.31;3.6;0.036;22.0;91.0;0.99278;3.41;0.5;9.8
0;7.3;0.24;0.43;2.0;0.021;20.0;69.0;0.99;3.08;0.56;12.2
1;7.6;0.5;0.29;2.3;0.086;5.0;14.0;0.99502;3.32;0.62;11.5
0;8.0;0.34;0.49;9.0;0.033;39.0;180.0;0.9936;3.13;0.38;12.3
0;8.3;0.21;0.41;2.2;0.05;24.0;108.0;0.994;2.85;0.45;9.5
0;6.6;0.22;0.28;12.05;0.058;25.0;125.0;0.99856;3.45;0.45;9.4
0;6.0;0.36;0.32;1.1;0.053;26.0;173.0;0.99414;3.38;0.54;8.8
0;5.5;0.32;0.45;4.9;0.028;25.0;191.0;0.9922;3.51;0.49;11.5
0;6.4;0.24;0.27;1.5;0.04;35.0;105.0;0.98914;3.13;0.3;12.4
1;7.7;0.69;0.05;2.7;0.075;15.0;27.0;0.9974;3.26;0.61;9.1
0;7.1;0.2;0.3;0.9;0.019;4.0;28.0;0.98931;3.2;0.36;12.0
0;6.4;0.69;0.09;7.6;0.044;34.0;144.0;0.9948;3.26;0.38;10.1
0;7.4;0.33;0.26;15.6;0.049;67.0;210.0;0.99907;3.06;0.68;9.5
0;7.2;0.19;0.27;11.2;0.061;46.0;149.0;0.99772;2.99;0.59;9.3
0;5.9;0.33;0.32;8.1;0.038;9.0;34.0;0.9911;3.22;0.36;12.7
0;6.4;0.31;0.39;7.5;0.04;57.0;213.0;0.99475;3.32;0.43;10.0
1;7.5;0.42;0.31;1.6;0.08;15.0;42.0;0.9978;3.31;0.64;9.0
0;7.8;0.21;0.39;1.8;0.034;62.0;180.0;0.991;3.09;0.75;12.6
1;6.2;0.52;0.08;4.4;0.071;11.0;32.0;0.99646;3.56;0.63;11.6
0;8.6;0.37;0.7;12.15;0.039;21.0;158.0;0.9983;3.0;0.73;9.3
0;7.8;0.26;0.49;3.2;0.027;28.0;87.0;0.9919;3.03;0.32;11.3
1;7.8;0.44;0.28;2.7;0.1;18.0;95.0;0.9966;3.22;0.67;9.4
0;4.7;0.335;0.14;1.3;0.036;69.0;168.0;0.99212;3.47;0.46;10.5
0;6.5;0.32;0.23;8.5;0.051;20.0;138.0;0.9943;3.03;0.42;10.7
0;5.8;0.17;0.34;1.8;0.045;96.0;170.0;0.99035;3.38;0.9;11.8
1;9.4;0.5;0.34;3.6;0.082;5.0;14.0;0.9987;3.29;0.52;10.7
1;7.5;0.61;0.26;1.9;0.073;24.0;88.0;0.99612;3.3;0.53;9.8
0;7.1;0.31;0.17;1.0;0.042;21.0;144.0;0.99304;3.13;0.4;9.6
1;10.5;0.43;0.35;3.3;0.092;24.0;70.0;0.99798;3.21;0.69;10.5
0;6.3;0.2;0.4;1.5;0.037;35.0;107.0;0.9917;3.46;0.5;11.4
0;6.8;0.22;0.35;17.5;0.039;38.0;153.0;0.9994;3.24;0.42;9.0
0;7.4;0.32;0.55;16.6;0.056;53.0;238.0;1.0017;2.96;0.58;8.7
0;5.9;0.32;0.19;14.5;0.042;37.0;115.0;0.99684;3.16;0.43;10.3
0;8.1;0.2;0.49;8.1;0.051;51.0;205.0;0.9954;3.1;0.52;11.0
0;7.0;0.29;0.35;1.4;0.036;42.0;109.0;0.99119;3.31;0.62;11.6
0;5.4;0.22;0.35;6.5;0.029;26.0;87.0;0.99092;3.29;0.44;12.5
0;6.3;0.33;0.2;5.8;0.04;24.0;144.0;0.99425;3.15;0.63;9.9
1;8.3;0.28;0.48;2.1;0.093;6.0;12.0;0.99408;3.26;0.62;12.4
0;7.8;0.3;0.4;1.8;0.028;23.0;122.0;0.9914;3.14;0.39;10.9
1;6.9;0.55;0.15;2.2;0.076;19.0;40.0;0.9961;3.41;0.59;10.1
0;6.0;0.27;0.3;14.7;0.044;15.0;144.0;0.99666;3.12;0.53;10.3
1;7.4;0.66;0.0;1.8;0.075;13.0;40.0;0.9978;3.51;0.56;9.4
0;6.4;0.24;0.26;8.2;0.054;47.0;182.0;0.99538;3.12;0.5;9.5
0;7.0;0.35;0.3;6.5;0.028;27.0;87.0;0.9936;3.4;0.42;11.4
0;6.0;0.24;0.34;1.0;0.036;52.0;184.0;0.99097;3.44;0.44;11.45
1;6.1;0.59;0.01;2.1;0.056;5.0;13.0;0.99472;3.52;0.56;11.4
1;6.9;0.67;0.06;2.1;0.08;8.0;33.0;0.99845;3.68;0.71;9.6
0;7.5;0.32;0.26;1.8;0.042;13.0;133.0;0.9938;3.07;0.38;9.5
0;6.2;0.25;0.54;7.0;0.046;58.0;176.0;0.99454;3.19;0.7;10.4
0;7.5;0.23;0.68;11.0;0.047;37.0;133.0;0.9978;2.99;0.38;8.8
0;7.6;0.22;0.34;9.7;0.035;26.0;143.0;0.9965;3.08;0.49;9.8
1;6.2;0.65;0.06;1.6;0.05;6.0;18.0;0.99348;3.57;0.54;11.95
0;6.6;0.12;0.25;1.4;0.039;21.0;131.0;0.99114;3.2;0.45;11.2
1;10.2;0.34;0.48;2.1;0.052;5.0;9.0;0.99458;3.2;0.69;12.1
1;15.0;0.21;0.44;2.2;0.075;10.0;24.0;1.00005;3.07;0.84;9.2
0;5.7;0.22;0.2;16.0;0.044;41.0;113.0;0.99862;3.22;0.46;8.9
1;8.9;0.48;0.24;2.85;0.094;35.0;106.0;0.9982;3.1;0.53;9.2
0;6.7;0.35;0.32;9.0;0.032;29.0;113.0;0.99188;3.13;0.65;12.9
0;6.5;0.08;0.33;1.9;0.028;23.0;93.0;0.991;3.34;0.7;12.0
0;7.0;0.24;0.36;4.9;0.083;10.0;133.0;0.9942;3.33;0.37;10.8
0;7.5;0.2;0.47;16.9;0.052;51.0;188.0;0.99944;3.09;0.62;9.3
1;6.6;0.39;0.49;1.7;0.07;23.0;149.0;0.9922;3.12;0.5;11.5
1;5.9;0.46;0.0;1.9;0.077;25.0;44.0;0.99385;3.5;0.53;11.2
0;7.3;0.37;0.16;14.9;0.048;59.0;240.0;0.99902;3.13;0.45;8.9
0;6.3;0.32;0.17;17.75;0.06;51.0;190.0;0.99916;3.13;0.48;8.8
0;6.8;0.27;0.35;7.8;0.048;76.0;197.0;0.9959;3.24;0.43;9.5
1;10.0;0.73;0.43;2.3;0.059;15.0;31.0;0.9966;3.15;0.57;11.0
0;6.8;0.19;0.32;7.6;0.049;37.0;107.0;0.99332;3.12;0.44;10.7
1;6.6;0.84;0.03;2.3;0.059;32.0;48.0;0.9952;3.52;0.56;12.3
1;7.7;0.26;0.3;1.7;0.059;20.0;38.0;0.9949;3.29;0.47;10.8
0;6.6;0.64;0.28;4.4;0.032;19.0;78.0;0.99036;3.11;0.62;12.9
1;7.4;0.25;0.29;2.2;0.054;19.0;49.0;0.99666;3.4;0.76;10.9
0;6.5;0.21;0.42;1.1;0.059;33.0;101.0;0.9927;3.12;0.38;9.7
0;6.9;0.21;0.33;1.4;0.056;35.0;136.0;0.9938;3.63;0.78;10.3
1;8.0;0.59;0.16;1.8;0.065;3.0;16.0;0.9962;3.42;0.92;10.5
0;5.5;0.31;0.29;3.0;0.027;16.0;102.0;0.99067;3.23;0.56;11.2
1;10.4;0.64;0.24;2.8;0.105;29.0;53.0;0.9998;3.24;0.67;9.9
0;6.7;0.26;0.29;7.7;0.038;40.0;179.0;0.99479;3.23;0.56;10.4
1;6.8;0.59;0.06;6.0;0.06;11.0;18.0;0.9962;3.41;0.59;10.8
0;5.2;0.24;0.45;3.8;0.027;21.0;128.0;0.992;3.55;0.49;11.2
0;8.2;0.38;0.49;13.6;0.042;58.0;166.0;0.99855;3.1;0.54;9.4
0;6.6;0.25;0.36;8.1;0.045;54.0;180.0;0.9958;3.08;0.42;9.2
0;7.5;0.27;0.79;11.95;0.04;51.0;159.0;0.99839;2.98;0.44;8.7
0;7.9;0.46;0.4;10.1;0.168;19.0;184.0;0.99782;3.06;0.62;9.5
0;8.0;0.14;0.49;1.5;0.035;42.0;120.0;0.9928;3.26;0.4;10.6
0;6.5;0.17;0.33;1.4;0.028;14.0;99.0;0.9928;3.23;0.55;10.1
1;8.7;0.54;0.26;2.5;0.097;7.0;31.0;0.9976;3.27;0.6;9.3
0;6.7;0.15;0.32;7.9;0.034;17.0;81.0;0.99512;3.29;0.31;10.0
0;6.9;0.36;0.35;8.6;0.038;37.0;125.0;0.9916;3.0;0.32;12.4
0;6.3;0.33;0.42;17.2;0.037;57.0;170.0;0.99884;3.26;0.57;9.4
0;6.6;0.15;0.34;1.0;0.037;45.0;79.0;0.98949;2.96;0.5;11.7
0;8.7;0.3;0.59;1.7;0.046;10.0;70.0;0.99373;3.06;0.56;10.8
0;6.8;0.705;0.25;3.2;0.048;10.0;57.0;0.996;3.36;0.52;9.5
0;8.5;0.17;0.31;1.0;0.024;13.0;91.0;0.993;2.79;0.37;10.1
1;8.5;0.47;0.27;1.9;0.058;18.0;38.0;0.99518;3.16;0.85;11.1
0;6.5;0.36;0.28;3.2;0.037;29.0;119.0;0.9908;3.25;0.65;12.4
0;7.1;0.37;0.3;6.2;0.04;49.0;139.0;0.99021;3.17;0.27;13.6
1;8.8;0.31;0.4;2.8;0.109;7.0;16.0;0.99614;3.31;0.79;11.8
0;6.6;0.25;0.3;14.4;0.052;40.0;183.0;0.998;3.02;0.5;9.1
0;7.8;0.25;0.41;3.7;0.042;37.0;149.0;0.9954;3.36;0.45;10.0
1;6.9;0.74;0.03;2.3;0.054;7.0;16.0;0.99508;3.45;0.63;11.5
1;7.6;0.62;0.32;2.2;0.082;7.0;54.0;0.9966;3.36;0.52;9.4
0;6.1;0.32;0.28;6.6;0.021;29.0;132.0;0.99188;3.15;0.36;11.45
1;9.6;0.6;0.5;2.3;0.079;28.0;71.0;0.9997;3.5;0.57;9.7
0;7.3;0.49;0.32;5.2;0.043;18.0;104.0;0.9952;3.24;0.45;10.7
1;7.8;0.59;0.33;2.0;0.074;24.0;120.0;0.9968;3.25;0.54;9.4
0;6.8;0.64;0.08;9.7;0.062;26.0;142.0;0.9972;3.37;0.46;8.9
0;6.1;0.27;0.33;2.2;0.021;26.0;117.0;0.9886;3.12;0.3;12.5
0;6.0;0.52;0.33;7.7;0.046;24.0;119.0;0.99224;3.04;0.38;11.0
0;6.6;0.4;0.32;1.7;0.035;39.0;84.0;0.99096;3.59;0.48;12.7
0;6.2;0.25;0.25;1.4;0.03;35.0;105.0;0.9912;3.3;0.44;11.1
0;7.2;0.17;0.41;1.6;0.052;24.0;126.0;0.99228;3.19;0.49;10.8
0;6.6;0.41;0.24;4.9;0.158;47.0;144.0;0.99471;3.17;0.49;9.4
0;3.8;0.31;0.02;11.1;0.036;20.0;114.0;0.99248;3.75;0.44;12.4
0;5.9;0.17;0.28;0.7;0.027;5.0;28.0;0.98985;3.13;0.32;10.6
0;7.0;0.27;0.29;3.9;0.059;28.0;199.0;0.9961;3.54;0.59;10.3
0;6.7;0.27;0.26;2.3;0.043;61.0;181.0;0.99394;3.45;0.63;10.6
0;7.0;0.39;0.31;5.3;0.169;32.0;162.0;0.9965;3.2;0.48;9.4
0;7.0;0.36;0.14;11.6;0.043;35.0;228.0;0.9977;3.13;0.51;8.9
0;6.8;0.19;0.4;9.85;0.055;41.0;103.0;0.99532;2.98;0.56;10.5
1;6.6;0.66;0.0;3.0;0.115;21.0;31.0;0.99629;3.45;0.63;10.3
0;7.3;0.815;0.09;11.4;0.044;45.0;204.0;0.99713;3.15;0.46;9.0
0;6.2;0.36;0.22;5.25;0.038;44.0;145.0;0.99184;3.22;0.4;11.2
0;6.7;0.34;0.3;15.6;0.054;51.0;196.0;0.9982;3.19;0.49;9.3
1;5.6;0.915;0.0;2.1;0.041;17.0;78.0;0.99346;3.68;0.73;11.4
1;11.6;0.42;0.53;3.3;0.105;33.0;98.0;1.001;3.2;0.95;9.2
0;5.8;0.19;0.49;4.9;0.04;44.0;118.0;0.9935;3.34;0.38;9.5
0;5.9;0.19;0.21;1.7;0.045;57.0;135.0;0.99341;3.32;0.44;9.5
0;6.7;0.18;0.31;10.6;0.035;42.0;143.0;0.99572;3.08;0.49;9.8
0;6.2;0.23;0.35;0.7;0.051;24.0;111.0;0.9916;3.37;0.43;11.0
0;5.8;0.32;0.38;4.75;0.033;23.0;94.0;0.991;3.42;0.42;11.8
0;5.3;0.3;0.16;4.2;0.029;37.0;100.0;0.9905;3.3;0.36;11.8
1;9.9;0.53;0.57;2.4;0.093;30.0;52.0;0.9971;3.19;0.76;11.6
0;7.0;0.2;0.31;8.0;0.05;29.0;213.0;0.99596;3.28;0.57;10.4
1;7.3;0.51;0.18;2.1;0.07;12.0;28.0;0.99768;3.52;0.73;9.5
1;8.4;0.37;0.43;2.3;0.063;12.0;19.0;0.9955;3.17;0.81;11.2
0;7.4;0.19;0.31;14.5;0.045;39.0;193.0;0.9986;3.1;0.5;9.2
1;9.6;0.42;0.35;2.1;0.083;17.0;38.0;0.99622;3.23;0.66;11.1
0;7.1;0.31;0.25;11.2;0.048;32.0;136.0;0.99663;3.14;0.4;9.5
1;7.3;0.58;0.3;2.4;0.074;15.0;55.0;0.9968;3.46;0.59;10.2
0;6.9;0.43;0.28;9.4;0.056;29.0;183.0;0.99594;3.17;0.43;9.4
0;5.9;0.34;0.31;2.0;0.03;38.0;142.0;0.98892;3.4;0.41;12.9
0;6.3;0.18;0.22;5.6;0.047;45.0;147.0;0.99383;3.09;0.54;10.0
0;6.4;0.145;0.49;5.4;0.048;54.0;164.0;0.9946;3.56;0.44;10.8
1;10.4;0.55;0.23;2.7;0.091;18.0;48.0;0.9994;3.22;0.64;10.3
0;6.1;0.34;0.46;4.7;0.029;21.0;94.0;0.991;3.29;0.62;12.3
0;7.5;0.32;0.24;4.6;0.053;8.0;134.0;0.9958;3.14;0.5;9.1
1;7.4;0.785;0.19;5.2;0.094;19.0;98.0;0.99713;3.16;0.52;9.56666666666667
0;5.7;0.41;0.21;1.9;0.048;30.0;112.0;0.99138;3.29;0.55;11.2
0;7.4;0.33;0.26;15.6;0.049;67.0;210.0;0.99907;3.06;0.68;9.5
0;7.1;0.26;0.32;14.45;0.074;29.0;107.0;0.998;2.96;0.42;9.2
0;7.6;0.39;0.46;11.7;0.084;55.0;170.0;0.99773;2.91;0.51;9.0
0;7.8;0.15;0.24;7.7;0.047;21.0;98.0;0.9951;2.94;0.31;9.6
0;6.8;0.25;0.29;2.0;0.042;19.0;189.0;0.9952;3.46;0.54;10.2
0;6.4;0.25;0.37;4.5;0.039;41.0;147.0;0.9921;3.18;0.4;11.1
1;9.9;0.35;0.41;2.3;0.083;11.0;61.0;0.9982;3.21;0.5;9.5
1;7.2;0.54;0.27;2.6;0.084;12.0;78.0;0.9964;3.39;0.71;11.0
1;6.1;0.58;0.23;2.5;0.044;16.0;70.0;0.99352;3.46;0.65;12.5
0;5.8;0.22;0.29;0.9;0.034;34.0;89.0;0.98936;3.14;0.36;11.1
0;7.8;0.34;0.27;1.2;0.04;25.0;106.0;0.9932;3.01;0.55;10.4
0;6.8;0.17;0.74;2.4;0.053;61.0;182.0;0.9953;3.63;0.76;10.5
0;6.5;0.18;0.31;1.7;0.044;30.0;127.0;0.9928;3.49;0.5;10.2
0;6.3;0.34;0.36;4.9;0.035;31.0;185.0;0.9946;3.15;0.49;9.7
0;5.5;0.17;0.23;2.9;0.039;10.0;108.0;0.99243;3.28;0.5;10.0
1;7.5;0.59;0.22;1.8;0.082;43.0;60.0;0.99499;3.1;0.42;9.2
0;7.4;0.16;0.27;15.5;0.05;25.0;135.0;0.9984;2.9;0.43;8.7
0;7.7;0.32;0.61;11.8;0.041;66.0;188.0;0.99794;3.0;0.54;9.3
0;6.9;0.4;0.17;12.9;0.033;59.0;186.0;0.99754;3.08;0.49;9.4
0;6.7;0.25;0.36;8.6;0.037;63.0;206.0;0.99553;3.18;0.5;9.6
0;6.2;0.22;0.28;2.2;0.04;24.0;125.0;0.9917;3.19;0.48;10.5
0;5.2;0.6;0.07;7.0;0.044;33.0;147.0;0.9944;3.33;0.58;9.7
0;7.3;0.4;0.24;6.7;0.058;41.0;166.0;0.995;3.2;0.41;9.9
1;8.3;0.54;0.24;3.4;0.076;16.0;112.0;0.9976;3.27;0.61;9.4
0;8.0;0.25;0.27;9.7;0.036;15.0;85.0;0.99406;2.99;0.36;11.2
0;6.1;0.15;0.29;6.2;0.046;39.0;151.0;0.99471;3.6;0.44;10.6
0;7.1;0.25;0.31;2.3;0.05;32.0;156.0;0.9914;3.14;0.51;11.4
0;6.3;0.28;0.22;11.5;0.036;27.0;150.0;0.99445;3.0;0.33;10.6
1;7.7;0.66;0.04;1.6;0.039;4.0;9.0;0.9962;3.4;0.47;9.4
0;6.1;0.28;0.27;8.0;0.048;41.0;162.0;0.99498;3.21;0.51;9.9
0;6.2;0.33;0.29;1.3;0.042;26.0;138.0;0.9956;3.77;0.64;9.5
1;8.2;0.26;0.34;2.5;0.073;16.0;47.0;0.99594;3.4;0.78;11.3
0;6.7;0.29;0.45;14.3;0.054;30.0;181.0;0.99869;3.14;0.57;9.1
0;8.8;0.39;0.34;5.9;0.055;33.0;128.0;0.9927;2.95;0.51;11.8
1;11.9;0.4;0.65;2.15;0.068;7.0;27.0;0.9988;3.06;0.68;11.3
1;12.2;0.45;0.49;1.4;0.075;3.0;6.0;0.9969;3.13;0.63;10.4
1;7.8;0.63;0.48;1.7;0.1;14.0;96.0;0.9961;3.19;0.62;9.5
1;8.9;0.59;0.39;2.3;0.095;5.0;22.0;0.9986;3.37;0.58;10.3
0;5.3;0.395;0.07;1.3;0.035;26.0;102.0;0.992;3.5;0.35;10.6
0;6.5;0.43;0.18;13.15;0.032;25.0;131.0;0.99565;3.23;0.51;10.7
0;7.0;0.13;0.37;12.85;0.042;36.0;105.0;0.99581;3.05;0.55;10.7
0;6.9;0.3;0.21;15.7;0.056;49.0;159.0;0.99827;3.11;0.48;9.0
0;7.1;0.17;0.38;7.4;0.052;49.0;182.0;0.9958;3.35;0.52;9.6
0;6.9;0.41;0.22;4.2;0.031;10.0;102.0;0.993;3.0;0.86;11.6
1;12.7;0.6;0.49;2.8;0.075;5.0;19.0;0.9994;3.14;0.57;11.4
0;6.1;0.16;0.34;6.1;0.034;31.0;114.0;0.99365;3.32;0.58;10.15
0;6.9;0.4;0.43;6.2;0.065;42.0;178.0;0.99552;3.11;0.53;9.4
0;5.9;0.26;0.24;2.4;0.046;27.0;132.0;0.99234;3.63;0.73;11.3
0;6.7;0.21;0.34;1.5;0.035;45.0;123.0;0.98949;3.24;0.36;12.6
1;6.9;0.765;0.18;2.4;0.243;5.5;48.0;0.99612;3.4;0.6;10.3
0;7.0;0.13;0.37;12.85;0.042;36.0;105.0;0.99581;3.05;0.55;10.7
0;6.4;0.26;0.3;2.2;0.025;33.0;134.0;0.992;3.21;0.47;10.6
1;12.5;0.46;0.49;4.5;0.07;26.0;49.0;0.9981;3.05;0.57;9.6
0;8.1;0.31;0.24;1.6;0.032;10.0;67.0;0.9924;3.08;0.47;10.5
0;5.6;0.29;0.05;0.8;0.038;11.0;30.0;0.9924;3.36;0.35;9.2
0;6.6;0.34;0.24;3.3;0.034;29.0;99.0;0.99031;3.1;0.4;12.3
0;7.4;0.24;0.4;4.3;0.032;9.0;95.0;0.992;3.09;0.39;11.1
0;7.2;0.23;0.39;14.2;0.058;49.0;192.0;0.9979;2.98;0.48;9.0
0;7.0;0.29;0.49;3.8;0.047;37.0;136.0;0.9938;2.95;0.4;9.4
0;7.6;0.21;0.44;1.9;0.036;10.0;119.0;0.9913;3.01;0.7;12.8
0;7.1;0.32;0.32;11.0;0.038;16.0;66.0;0.9937;3.24;0.4;11.5
0;7.6;0.2;0.34;1.8;0.041;42.0;148.0;0.99335;3.35;0.66;11.1
0;7.1;0.2;0.41;2.1;0.054;24.0;166.0;0.9948;3.48;0.62;10.5
0;6.4;0.31;0.28;2.5;0.039;34.0;137.0;0.98946;3.22;0.38;12.7
1;6.4;0.38;0.14;2.2;0.038;15.0;25.0;0.99514;3.44;0.65;11.1
0;8.9;0.27;0.34;10.7;0.029;19.5;166.0;0.99669;3.13;0.48;10.6
0;6.3;0.3;0.29;2.1;0.048;33.0;142.0;0.98956;3.22;0.46;12.9
1;12.8;0.84;0.63;2.4;0.088;13.0;35.0;0.9997;3.1;0.6;10.4
0;6.5;0.24;0.38;1.0;0.027;31.0;90.0;0.98926;3.24;0.36;12.3
0;6.9;0.24;0.33;1.7;0.035;47.0;136.0;0.99;3.26;0.4;12.6
0;7.4;0.29;0.5;1.8;0.042;35.0;127.0;0.9937;3.45;0.5;10.2
0;6.2;0.24;0.27;16.8;0.04;48.0;129.0;0.99691;3.23;0.38;10.5
0;7.5;0.41;0.23;14.8;0.054;28.0;174.0;0.99898;3.18;0.49;9.7
1;11.3;0.37;0.5;1.8;0.09;20.0;47.0;0.99734;3.15;0.57;10.5
0;6.3;0.48;0.48;1.8;0.035;35.0;96.0;0.99121;3.49;0.74;12.2
0;7.2;0.32;0.4;8.7;0.038;45.0;154.0;0.99568;3.2;0.47;10.4
0;6.8;0.19;0.33;4.9;0.047;42.0;130.0;0.99283;3.12;0.56;11.0
0;7.1;0.34;0.2;6.1;0.063;47.0;164.0;0.9946;3.17;0.42;10.0
0;7.1;0.26;0.19;8.2;0.051;53.0;187.0;0.996;3.16;0.52;9.7
1;7.7;0.69;0.49;1.8;0.115;20.0;112.0;0.9968;3.21;0.71;9.3
0;6.6;0.31;0.49;7.7;0.05;52.0;220.0;0.9964;3.12;0.45;8.8
0;7.5;0.26;0.59;11.8;0.046;58.0;164.0;0.99814;3.17;0.46;8.9
0;6.1;0.24;0.26;1.7;0.033;61.0;134.0;0.9903;3.19;0.81;11.9
0;5.8;0.38;0.26;1.1;0.058;20.0;140.0;0.99271;3.27;0.43;9.7
0;7.2;0.16;0.32;0.8;0.04;50.0;121.0;0.9922;3.27;0.33;10.0
0;6.3;0.15;0.34;11.4;0.05;25.0;96.0;0.99754;3.21;0.49;10.0
0;6.6;0.32;0.22;16.7;0.046;38.0;133.0;0.9979;3.22;0.67;10.4
1;7.2;0.37;0.32;2.0;0.062;15.0;28.0;0.9947;3.23;0.73;11.3
0;6.4;0.21;0.44;7.4;0.045;47.0;182.0;0.9957;3.24;0.46;9.1
0;6.9;0.32;0.27;16.0;0.034;58.0;185.0;0.99938;3.34;0.6;9.0
0;6.8;0.32;0.21;2.2;0.044;15.0;68.0;0.9932;3.17;0.39;9.4
0;7.3;0.18;0.31;17.3;0.055;32.0;197.0;1.0002;3.13;0.46;9.0
0;8.9;0.21;0.34;7.1;0.037;33.0;150.0;0.9962;3.1;0.45;9.7
0;8.1;0.27;0.41;1.45;0.033;11.0;63.0;0.9908;2.99;0.56;12.0
0;6.7;0.24;0.26;12.6;0.053;44.0;182.0;0.99802;3.42;0.42;9.7
0;7.1;0.3;0.46;1.5;0.066;29.0;133.0;0.9906;3.12;0.54;12.7
1;8.7;0.29;0.52;1.6;0.113;12.0;37.0;0.9969;3.25;0.58;9.5
0;6.7;0.19;0.36;1.1;0.026;63.0;143.0;0.9912;3.27;0.48;11.0
0;7.5;0.21;0.68;10.9;0.045;38.0;133.0;0.9978;3.0;0.36;8.7
0;7.5;0.21;0.32;4.8;0.056;39.0;113.0;0.99393;3.11;0.52;10.2
0;5.7;0.135;0.3;4.6;0.042;19.0;101.0;0.9946;3.31;0.42;9.3
0;8.3;0.17;0.31;1.5;0.049;48.0;153.0;0.9942;3.12;0.58;9.4
1;11.9;0.37;0.69;2.3;0.078;12.0;24.0;0.9958;3.0;0.65;12.8
0;6.9;0.2;0.41;1.1;0.06;36.0;104.0;0.99317;2.99;0.39;9.2
0;6.6;0.17;0.26;7.4;0.052;45.0;128.0;0.99388;3.16;0.37;10.0
0;7.3;0.2;0.39;2.3;0.048;24.0;87.0;0.99044;2.94;0.35;12.0
1;5.7;1.13;0.09;1.5;0.172;7.0;19.0;0.994;3.5;0.48;9.8
1;6.5;0.67;0.0;4.3;0.057;11.0;20.0;0.99488;3.45;0.56;11.8
0;7.3;0.23;0.24;0.9;0.031;29.0;86.0;0.98926;2.9;0.38;12.2
0;5.7;0.21;0.25;1.1;0.035;26.0;81.0;0.9902;3.31;0.52;11.4
1;7.6;0.36;0.31;1.7;0.079;26.0;65.0;0.99716;3.46;0.62;9.5
0;6.6;0.28;0.41;7.0;0.046;59.0;194.0;0.99558;3.14;0.48;9.4
0;7.6;0.27;0.34;5.0;0.04;18.0;56.0;0.99084;3.06;0.48;12.4
0;7.4;0.19;0.31;14.5;0.045;39.0;193.0;0.9986;3.1;0.5;9.2
0;7.6;0.36;0.49;11.3;0.046;87.0;221.0;0.9984;3.01;0.43;9.2
1;6.0;0.5;0.04;2.2;0.092;13.0;26.0;0.99647;3.46;0.47;10.0
0;6.6;0.24;0.24;8.6;0.034;25.0;135.0;0.99582;3.33;0.59;10.3
1;10.2;0.49;0.63;2.9;0.072;10.0;26.0;0.9968;3.16;0.78;12.5
0;7.3;0.13;0.27;4.6;0.08;34.0;172.0;0.9938;3.23;0.39;11.1
0;6.8;0.52;0.26;5.7;0.038;27.0;130.0;0.99;3.11;0.27;13.0
0;6.1;0.44;0.28;4.25;0.032;43.0;132.0;0.9916;3.26;0.47;11.3
0;6.6;0.78;0.5;1.5;0.045;30.0;133.0;0.99104;3.25;0.48;11.7
0;7.1;0.36;0.4;1.95;0.033;26.0;118.0;0.98934;3.2;0.45;13.5
0;7.0;0.17;0.37;1.5;0.028;26.0;75.0;0.9922;3.3;0.46;10.8
0;8.2;0.21;0.32;10.65;0.053;53.0;145.0;0.9972;3.17;0.48;10.2
0;6.9;0.24;0.36;20.8;0.031;40.0;139.0;0.9975;3.2;0.33;11.0
0;7.2;0.26;0.38;1.5;0.061;12.0;120.0;0.99192;3.18;0.46;10.4
0;5.6;0.49;0.13;4.5;0.039;17.0;116.0;0.9907;3.42;0.9;13.7
1;11.5;0.41;0.52;3.0;0.08;29.0;55.0;1.0001;3.26;0.88;11.0
0;6.5;0.33;0.38;8.3;0.048;68.0;174.0;0.99492;3.14;0.5;9.6
0;7.4;0.22;0.27;1.6;0.057;45.0;98.0;0.99299;3.29;0.44;9.9
0;7.4;0.29;0.25;3.8;0.044;30.0;114.0;0.992;3.11;0.4;11.0
1;7.4;0.7;0.0;1.9;0.076;11.0;34.0;0.9978;3.51;0.56;9.4
1;6.9;0.39;0.24;2.1;0.102;4.0;7.0;0.99462;3.44;0.58;11.4
0;6.8;0.18;0.3;12.8;0.062;19.0;171.0;0.99808;3.0;0.52;9.0
1;9.9;0.54;0.45;2.3;0.071;16.0;40.0;0.9991;3.39;0.62;9.4
0;7.6;0.26;0.36;1.6;0.032;6.0;106.0;0.993;3.15;0.4;10.4
0;7.4;0.19;0.49;6.7;0.037;15.0;110.0;0.9938;3.2;0.38;11.0
1;8.7;0.33;0.38;3.3;0.063;10.0;19.0;0.99468;3.3;0.73;12.0
0;7.4;0.3;0.49;8.2;0.055;49.0;188.0;0.9974;3.52;0.58;9.7
0;6.2;0.31;0.21;6.3;0.041;50.0;218.0;0.9941;3.15;0.6;10.0
0;7.2;0.32;0.47;5.1;0.044;19.0;65.0;0.991;3.03;0.41;12.6
0;6.6;0.36;0.52;10.1;0.05;29.0;140.0;0.99628;3.07;0.4;9.4
1;7.1;0.56;0.14;1.6;0.078;7.0;18.0;0.99592;3.27;0.62;9.3
0;6.3;0.27;0.49;1.2;0.063;35.0;92.0;0.9911;3.38;0.42;12.2
0;5.8;0.36;0.26;3.3;0.038;40.0;153.0;0.9911;3.34;0.55;11.3
1;9.3;0.27;0.41;2.0;0.091;6.0;16.0;0.998;3.28;0.7;9.7
0;9.6;0.23;0.4;1.5;0.044;19.0;135.0;0.9937;2.96;0.49;10.9
1;7.8;0.53;0.04;1.7;0.076;17.0;31.0;0.9964;3.33;0.56;10.0
0;7.8;0.39;0.26;9.9;0.059;33.0;181.0;0.9955;3.04;0.42;10.9
0;5.7;0.265;0.28;6.9;0.036;46.0;150.0;0.99299;3.36;0.44;10.8
1;8.0;0.62;0.35;2.8;0.086;28.0;52.0;0.997;3.31;0.62;10.8
0;7.1;0.4;0.52;1.3;0.148;45.0;149.0;0.99468;3.08;0.56;8.7
0;7.3;0.24;0.39;17.95;0.057;45.0;149.0;0.9999;3.21;0.36;8.6
1;7.6;0.9;0.06;2.5;0.079;5.0;10.0;0.9967;3.39;0.56;9.8
1;7.3;0.365;0.49;2.5;0.088;39.0;106.0;0.9966;3.36;0.78;11.0
0;8.3;0.21;0.4;1.6;0.032;35.0;110.0;0.9907;3.02;0.6;12.9
0;6.1;0.41;0.04;1.3;0.036;23.0;121.0;0.99228;3.24;0.61;9.9
0;6.4;0.32;0.26;7.9;0.05;53.0;180.0;0.99514;3.14;0.5;9.6
0;6.4;0.33;0.24;9.8;0.041;29.0;109.0;0.9956;3.29;0.47;10.1
